Classification,Year,Period,Period Desc.,Aggregate Level,Is Leaf Code,Trade Flow Code,Trade Flow,Reporter Code,Reporter,Reporter ISO,Partner Code,Partner,Partner ISO,2nd Partner Code,2nd Partner,2nd Partner ISO,Customs Proc. Code,Customs,Mode of Transport Code,Mode of Transport,Commodity Code,Commodity,Qty Unit Code,Qty Unit,Qty,Alt Qty Unit Code,Alt Qty Unit,Alt Qty,Netweight (kg),Gross weight (kg),Trade Value (US$),CIF Trade Value (US$),FOB Trade Value (US$),Flag
H5,2018,2018,2018,0,0,1,Import,8,Albania,ALB,0,World,WLD,,,,,,,,TOTAL,All Commodities,1,No Quantity,0,,,,0,,5941286949,,,4
H5,2018,2018,2018,0,0,2,Export,8,Albania,ALB,0,World,WLD,,,,,,,,TOTAL,All Commodities,1,No Quantity,0,,,,0,,2875859778,,,4
H5,2018,2018,2018,0,0,1,Import,20,Andorra,AND,0,World,WLD,,,,,,,,TOTAL,All Commodities,1,No Quantity,0,,,,0,,1609394249,,,4
H5,2018,2018,2018,0,0,2,Export,20,Andorra,AND,0,World,WLD,,,,,,,,TOTAL,All Commodities,1,No Quantity,0,,,,0,,129448151,,,4
H5,2018,2018,2018,0,0,4,Re-Import,20,Andorra,AND,0,World,WLD,,,,,,,,TOTAL,All Commodities,1,No Quantity,0,,,,0,,130172,,,0
H5,2018,2018,2018,0,0,1,Import,24,Angola,AGO,0,World,WLD,,,,,,,,TOTAL,All Commodities,1,No Quantity,0,,,,0,,16353060717,,,4
H5,2018,2018,2018,0,0,2,Export,24,Angola,AGO,0,World,WLD,,,,,,,,TOTAL,All Commodities,1,No Quantity,0,,,,,,37684682653,,,4
H5,2018,2018,2018,0,0,1,Import,31,Azerbaijan,AZE,0,World,WLD,,,,,,,,TOTAL,All Commodities,1,No Quantity,0,,,,,,11459395444,,,4
H5,2018,2018,2018,0,0,2,Export,31,Azerbaijan,AZE,0,World,WLD,,,,,,,,TOTAL,All Commodities,1,No Quantity,0,,,,0,,19458632514,,,4
H5,2018,2018,2018,0,0,1,Import,32,Argentina,ARG,0,World,WLD,,,,,,,,TOTAL,All Commodities,1,No Quantity,0,,,,,,65440966165,,,4
H5,2018,2018,2018,0,0,2,Export,32,Argentina,ARG,0,World,WLD,,,,,,,,TOTAL,All Commodities,1,No Quantity,0,,,,0,,61558357420,,,0
H5,2018,2018,2018,0,0,4,Re-Import,32,Argentina,ARG,0,World,WLD,,,,,,,,TOTAL,All Commodities,1,No Quantity,0,,,,0,,29476272,,,4
H5,2018,2018,2018,0,0,1,Import,36,Australia,AUS,0,World,WLD,,,,,,,,TOTAL,All Commodities,1,No Quantity,0,,,,,,2.35519E+11,,,4
H5,2018,2018,2018,0,0,2,Export,36,Australia,AUS,0,World,WLD,,,,,,,,TOTAL,All Commodities,1,No Quantity,0,,,,,,2.52776E+11,,,4
H5,2018,2018,2018,0,0,4,Re-Import,36,Australia,AUS,0,World,WLD,,,,,,,,TOTAL,All Commodities,1,No Quantity,0,,,,0,,708726342,,,4
H5,2018,2018,2018,0,0,1,Import,40,Austria,AUT,0,World,WLD,,,,,,,,TOTAL,All Commodities,1,No Quantity,0,,,,0,,1.84195E+11,,,4
H5,2018,2018,2018,0,0,2,Export,40,Austria,AUT,0,World,WLD,,,,,,,,TOTAL,All Commodities,1,No Quantity,0,,,,0,,1.76992E+11,,,4
H5,2018,2018,2018,0,0,1,Import,48,Bahrain,BHR,0,World,WLD,,,,,,,,TOTAL,All Commodities,1,No Quantity,0,,,,0,,20597535923,,,4
H5,2018,2018,2018,0,0,2,Export,48,Bahrain,BHR,0,World,WLD,,,,,,,,TOTAL,All Commodities,1,No Quantity,0,,,,0,,14347737494,,,4
H5,2018,2018,2018,0,0,3,Re-Export,48,Bahrain,BHR,0,World,WLD,,,,,,,,TOTAL,All Commodities,1,No Quantity,0,,,,0,,1368873540,,,0
H5,2018,2018,2018,0,0,4,Re-Import,48,Bahrain,BHR,0,World,WLD,,,,,,,,TOTAL,All Commodities,1,No Quantity,0,,,,0,,6217852,,,4
H5,2018,2018,2018,0,0,1,Import,51,Armenia,ARM,0,World,WLD,,,,,,,,TOTAL,All Commodities,1,No Quantity,0,,,,0,,4849934597,,,4
H5,2018,2018,2018,0,0,2,Export,51,Armenia,ARM,0,World,WLD,,,,,,,,TOTAL,All Commodities,1,No Quantity,0,,,,0,,2383413799,,,4
H5,2018,2018,2018,0,0,3,Re-Export,51,Armenia,ARM,0,World,WLD,,,,,,,,TOTAL,All Commodities,1,No Quantity,0,,,,0,,208208647,,,0
H5,2018,2018,2018,0,0,4,Re-Import,51,Armenia,ARM,0,World,WLD,,,,,,,,TOTAL,All Commodities,1,No Quantity,0,,,,0,,6352111,,,0
H5,2018,2018,2018,0,0,1,Import,56,Belgium,BEL,0,World,WLD,,,,,,,,TOTAL,All Commodities,1,No Quantity,0,,,,0,,4.54714E+11,,,4
H5,2018,2018,2018,0,0,2,Export,56,Belgium,BEL,0,World,WLD,,,,,,,,TOTAL,All Commodities,1,No Quantity,0,,,,0,,4.68643E+11,,,4
H5,2018,2018,2018,0,0,1,Import,60,Bermuda,BMU,0,World,WLD,,,,,,,,TOTAL,All Commodities,1,No Quantity,0,,,,,,1070009014,,,4
H5,2018,2018,2018,0,0,2,Export,60,Bermuda,BMU,0,World,WLD,,,,,,,,TOTAL,All Commodities,1,No Quantity,0,,,,,,22912424,,,4
H5,2018,2018,2018,0,0,1,Import,68,Bolivia (Plurinational State of),BOL,0,World,WLD,,,,,,,,TOTAL,All Commodities,1,No Quantity,0,,,,0,,10044646994,,,4
H5,2018,2018,2018,0,0,2,Export,68,Bolivia (Plurinational State of),BOL,0,World,WLD,,,,,,,,TOTAL,All Commodities,1,No Quantity,0,,,,0,,9064737435,,,4
H5,2018,2018,2018,0,0,3,Re-Export,68,Bolivia (Plurinational State of),BOL,0,World,WLD,,,,,,,,TOTAL,All Commodities,1,No Quantity,0,,,,0,,94071973,,,0
H5,2018,2018,2018,0,0,1,Import,70,Bosnia Herzegovina,BIH,0,World,WLD,,,,,,,,TOTAL,All Commodities,1,No Quantity,0,,,,,,11629555025,,,4
H5,2018,2018,2018,0,0,2,Export,70,Bosnia Herzegovina,BIH,0,World,WLD,,,,,,,,TOTAL,All Commodities,1,No Quantity,0,,,,0,,7182096317,,,4
H5,2018,2018,2018,0,0,1,Import,76,Brazil,BRA,0,World,WLD,,,,,,,,TOTAL,All Commodities,1,No Quantity,0,,,,,,1.8123E+11,,,0
H5,2018,2018,2018,0,0,2,Export,76,Brazil,BRA,0,World,WLD,,,,,,,,TOTAL,All Commodities,1,No Quantity,0,,,,0,,2.39888E+11,,,4
H5,2018,2018,2018,0,0,4,Re-Import,76,Brazil,BRA,0,World,WLD,,,,,,,,TOTAL,All Commodities,1,No Quantity,0,,,,0,,7384405448,,,0
H5,2018,2018,2018,0,0,1,Import,84,Belize,BLZ,0,World,WLD,,,,,,,,TOTAL,All Commodities,1,No Quantity,0,,,,0,,957739411,,,4
H5,2018,2018,2018,0,0,2,Export,84,Belize,BLZ,0,World,WLD,,,,,,,,TOTAL,All Commodities,1,No Quantity,0,,,,0,,240911158,,,0
H5,2018,2018,2018,0,0,3,Re-Export,84,Belize,BLZ,0,World,WLD,,,,,,,,TOTAL,All Commodities,1,No Quantity,0,,,,0,,43985172,,,0
H5,2018,2018,2018,0,0,1,Import,96,Brunei Darussalam,BRN,0,World,WLD,,,,,,,,TOTAL,All Commodities,1,No Quantity,0,,,,,,4164052430,,,4
H5,2018,2018,2018,0,0,2,Export,96,Brunei Darussalam,BRN,0,World,WLD,,,,,,,,TOTAL,All Commodities,1,No Quantity,0,,,,0,,6573636942,,,4
H5,2018,2018,2018,0,0,3,Re-Export,96,Brunei Darussalam,BRN,0,World,WLD,,,,,,,,TOTAL,All Commodities,1,No Quantity,0,,,,0,,314681664,,,0
H5,2018,2018,2018,0,0,1,Import,100,Bulgaria,BGR,0,World,WLD,,,,,,,,TOTAL,All Commodities,1,No Quantity,0,,,,,,37927842259,,,4
H5,2018,2018,2018,0,0,2,Export,100,Bulgaria,BGR,0,World,WLD,,,,,,,,TOTAL,All Commodities,1,No Quantity,0,,,,,,33787143989,,,4
H5,2018,2018,2018,0,0,1,Import,104,Myanmar,MMR,0,World,WLD,,,,,,,,TOTAL,All Commodities,1,No Quantity,0,,,,,,19345459571,,,4
H5,2018,2018,2018,0,0,2,Export,104,Myanmar,MMR,0,World,WLD,,,,,,,,TOTAL,All Commodities,1,No Quantity,0,,,,0,,16671612499,,,4
H5,2018,2018,2018,0,0,4,Re-Import,104,Myanmar,MMR,0,World,WLD,,,,,,,,TOTAL,All Commodities,1,No Quantity,0,,,,0,,2946445,,,4
H5,2018,2018,2018,0,0,1,Import,112,Belarus,BLR,0,World,WLD,,,,,,,,TOTAL,All Commodities,1,No Quantity,0,,,,,,38408911900,,,4
H5,2018,2018,2018,0,0,2,Export,112,Belarus,BLR,0,World,WLD,,,,,,,,TOTAL,All Commodities,1,No Quantity,0,,,,0,,33726141400,,,4
H5,2018,2018,2018,0,0,1,Import,124,Canada,CAN,0,World,WLD,,,,,,,,TOTAL,All Commodities,1,No Quantity,0,,,,,,4.59866E+11,,,0
H5,2018,2018,2018,0,0,2,Export,124,Canada,CAN,0,World,WLD,,,,,,,,TOTAL,All Commodities,1,No Quantity,0,,,,,,4.50278E+11,,,4
H5,2018,2018,2018,0,0,3,Re-Export,124,Canada,CAN,0,World,WLD,,,,,,,,TOTAL,All Commodities,1,No Quantity,0,,,,0,,35525094864,,,0
H5,2018,2018,2018,0,0,4,Re-Import,124,Canada,CAN,0,World,WLD,,,,,,,,TOTAL,All Commodities,1,No Quantity,0,,,,,,3350376135,,,0
H5,2018,2018,2018,0,0,1,Import,152,Chile,CHL,0,World,WLD,,,,,,,,TOTAL,All Commodities,1,No Quantity,0,,,,,,74187323277,,,4
H5,2018,2018,2018,0,0,2,Export,152,Chile,CHL,0,World,WLD,,,,,,,,TOTAL,All Commodities,1,No Quantity,0,,,,0,,75481713821,,,4
H5,2018,2018,2018,0,0,4,Re-Import,152,Chile,CHL,0,World,WLD,,,,,,,,TOTAL,All Commodities,1,No Quantity,0,,,,0,,16714151,,,4
H5,2018,2018,2018,0,0,1,Import,156,China,CHN,0,World,WLD,,,,,,,,TOTAL,All Commodities,1,No Quantity,0,,,,0,,2.13498E+12,,,4
H5,2018,2018,2018,0,0,2,Export,156,China,CHN,0,World,WLD,,,,,,,,TOTAL,All Commodities,1,No Quantity,0,,,,0,,2.49423E+12,,,4
H5,2018,2018,2018,0,0,4,Re-Import,156,China,CHN,0,World,WLD,,,,,,,,TOTAL,All Commodities,1,No Quantity,0,,,,0,,1.46382E+11,,,4
H5,2018,2018,2018,0,0,1,Import,170,Colombia,COL,0,World,WLD,,,,,,,,TOTAL,All Commodities,1,No Quantity,0,,,,,,51230566648,,,4
H5,2018,2018,2018,0,0,2,Export,170,Colombia,COL,0,World,WLD,,,,,,,,TOTAL,All Commodities,1,No Quantity,0,,,,0,,41831520220,,,4
H5,2018,2018,2018,0,0,1,Import,188,Costa Rica,CRI,0,World,WLD,,,,,,,,TOTAL,All Commodities,1,No Quantity,0,,,,0,,16563019255,,,4
H5,2018,2018,2018,0,0,2,Export,188,Costa Rica,CRI,0,World,WLD,,,,,,,,TOTAL,All Commodities,1,No Quantity,0,,,,0,,11251781448,,,4
H5,2018,2018,2018,0,0,1,Import,191,Croatia,HRV,0,World,WLD,,,,,,,,TOTAL,All Commodities,1,No Quantity,0,,,,0,,28113089203,,,4
H5,2018,2018,2018,0,0,2,Export,191,Croatia,HRV,0,World,WLD,,,,,,,,TOTAL,All Commodities,1,No Quantity,0,,,,0,,17210469290,,,4
H5,2018,2018,2018,0,0,1,Import,196,Cyprus,CYP,0,World,WLD,,,,,,,,TOTAL,All Commodities,1,No Quantity,0,,,,,,10812572215,,,4
H5,2018,2018,2018,0,0,2,Export,196,Cyprus,CYP,0,World,WLD,,,,,,,,TOTAL,All Commodities,1,No Quantity,0,,,,0,,5065369407,,,4
H5,2018,2018,2018,0,0,3,Re-Export,196,Cyprus,CYP,0,World,WLD,,,,,,,,TOTAL,All Commodities,1,No Quantity,0,,,,0,,3197345911,,,0
H5,2018,2018,2018,0,0,1,Import,203,Czechia,CZE,0,World,WLD,,,,,,,,TOTAL,All Commodities,1,No Quantity,0,,,,,,1.84924E+11,,,4
H5,2018,2018,2018,0,0,2,Export,203,Czechia,CZE,0,World,WLD,,,,,,,,TOTAL,All Commodities,1,No Quantity,0,,,,,,2.02522E+11,,,4
H5,2018,2018,2018,0,0,1,Import,208,Denmark,DNK,0,World,WLD,,,,,,,,TOTAL,All Commodities,1,No Quantity,0,,,,,,1.01676E+11,,,4
H5,2018,2018,2018,0,0,2,Export,208,Denmark,DNK,0,World,WLD,,,,,,,,TOTAL,All Commodities,1,No Quantity,0,,,,0,,1.08564E+11,,,4
H5,2018,2018,2018,0,0,1,Import,218,Ecuador,ECU,0,World,WLD,,,,,,,,TOTAL,All Commodities,1,No Quantity,0,,,,0,,23019652623,,,4
H5,2018,2018,2018,0,0,2,Export,218,Ecuador,ECU,0,World,WLD,,,,,,,,TOTAL,All Commodities,1,No Quantity,0,,,,,,21606133822,,,4
H5,2018,2018,2018,0,0,1,Import,222,El Salvador,SLV,0,World,WLD,,,,,,,,TOTAL,All Commodities,1,No Quantity,0,,,,,,11829783403,,,4
H5,2018,2018,2018,0,0,2,Export,222,El Salvador,SLV,0,World,WLD,,,,,,,,TOTAL,All Commodities,1,No Quantity,0,,,,0,,5904627045,,,4
H5,2018,2018,2018,0,0,4,Re-Import,222,El Salvador,SLV,0,World,WLD,,,,,,,,TOTAL,All Commodities,1,No Quantity,0,,,,0,,9574189,,,0
H5,2018,2018,2018,0,0,1,Import,233,Estonia,EST,0,World,WLD,,,,,,,,TOTAL,All Commodities,1,No Quantity,0,,,,,,19839355105,,,4
H5,2018,2018,2018,0,0,2,Export,233,Estonia,EST,0,World,WLD,,,,,,,,TOTAL,All Commodities,1,No Quantity,0,,,,0,,17856964736,,,4
H5,2018,2018,2018,0,0,4,Re-Import,233,Estonia,EST,0,World,WLD,,,,,,,,TOTAL,All Commodities,1,No Quantity,0,,,,0,,15707910,,,4
H5,2018,2018,2018,0,0,1,Import,242,Fiji,FJI,0,World,WLD,,,,,,,,TOTAL,All Commodities,1,No Quantity,0,,,,,,2719590986,,,4
H5,2018,2018,2018,0,0,2,Export,242,Fiji,FJI,0,World,WLD,,,,,,,,TOTAL,All Commodities,1,No Quantity,0,,,,0,,1041040355,,,4
H5,2018,2018,2018,0,0,3,Re-Export,242,Fiji,FJI,0,World,WLD,,,,,,,,TOTAL,All Commodities,1,No Quantity,0,,,,0,,470341904,,,0
H5,2018,2018,2018,0,0,4,Re-Import,242,Fiji,FJI,0,World,WLD,,,,,,,,TOTAL,All Commodities,1,No Quantity,0,,,,0,,411377,,,4
H5,2018,2018,2018,0,0,1,Import,246,Finland,FIN,0,World,WLD,,,,,,,,TOTAL,All Commodities,1,No Quantity,0,,,,,,78352161411,,,4
H5,2018,2018,2018,0,0,2,Export,246,Finland,FIN,0,World,WLD,,,,,,,,TOTAL,All Commodities,1,No Quantity,0,,,,,,75258290459,,,4
H5,2018,2018,2018,0,0,1,Import,251,France,FRA,0,World,WLD,,,,,,,,TOTAL,All Commodities,1,No Quantity,0,,,,,,6.59375E+11,,,4
H5,2018,2018,2018,0,0,2,Export,251,France,FRA,0,World,WLD,,,,,,,,TOTAL,All Commodities,1,No Quantity,0,,,,,,5.68536E+11,,,4
H5,2018,2018,2018,0,0,4,Re-Import,251,France,FRA,0,World,WLD,,,,,,,,TOTAL,All Commodities,1,No Quantity,0,,,,,,5690757198,,,4
H5,2018,2018,2018,0,0,1,Import,276,Germany,DEU,0,World,WLD,,,,,,,,TOTAL,All Commodities,1,No Quantity,0,,,,,,1.29273E+12,,,4
H5,2018,2018,2018,0,0,2,Export,276,Germany,DEU,0,World,WLD,,,,,,,,TOTAL,All Commodities,1,No Quantity,0,,,,,,1.56242E+12,,,4
H5,2018,2018,2018,0,0,1,Import,288,Ghana,GHA,0,World,WLD,,,,,,,,TOTAL,All Commodities,1,No Quantity,0,,,,0,,11880470763,,,4
H5,2018,2018,2018,0,0,2,Export,288,Ghana,GHA,0,World,WLD,,,,,,,,TOTAL,All Commodities,1,No Quantity,0,,,,0,,17099588399,,,4
H5,2018,2018,2018,0,0,1,Import,300,Greece,GRC,0,World,WLD,,,,,,,,TOTAL,All Commodities,1,No Quantity,0,,,,,,65141447585,,,4
H5,2018,2018,2018,0,0,2,Export,300,Greece,GRC,0,World,WLD,,,,,,,,TOTAL,All Commodities,1,No Quantity,0,,,,0,,39490521437,,,4
H5,2018,2018,2018,0,0,1,Import,304,Greenland,GRL,0,World,WLD,,,,,,,,TOTAL,All Commodities,1,No Quantity,0,,,,0,,829150195,,,4
H5,2018,2018,2018,0,0,2,Export,304,Greenland,GRL,0,World,WLD,,,,,,,,TOTAL,All Commodities,1,No Quantity,0,,,,0,,640897343,,,4
H5,2018,2018,2018,0,0,1,Import,344,"China, Hong Kong SAR",HKG,0,World,WLD,,,,,,,,TOTAL,All Commodities,1,No Quantity,0,,,,0,,6.27327E+11,,,4
H5,2018,2018,2018,0,0,2,Export,344,"China, Hong Kong SAR",HKG,0,World,WLD,,,,,,,,TOTAL,All Commodities,1,No Quantity,0,,,,0,,5.69106E+11,,,4
H5,2018,2018,2018,0,0,1,Import,348,Hungary,HUN,0,World,WLD,,,,,,,,TOTAL,All Commodities,1,No Quantity,0,,,,,,1.17382E+11,,,4
H5,2018,2018,2018,0,0,2,Export,348,Hungary,HUN,0,World,WLD,,,,,,,,TOTAL,All Commodities,1,No Quantity,0,,,,,,1.23958E+11,,,4
H5,2018,2018,2018,0,0,1,Import,352,Iceland,ISL,0,World,WLD,,,,,,,,TOTAL,All Commodities,1,No Quantity,0,,,,0,,7686033358,,,4
H5,2018,2018,2018,0,0,2,Export,352,Iceland,ISL,0,World,WLD,,,,,,,,TOTAL,All Commodities,1,No Quantity,0,,,,0,,5561475841,,,4
H5,2018,2018,2018,0,0,1,Import,360,Indonesia,IDN,0,World,WLD,,,,,,,,TOTAL,All Commodities,1,No Quantity,0,,,,0,,1.88711E+11,,,4
H5,2018,2018,2018,0,0,2,Export,360,Indonesia,IDN,0,World,WLD,,,,,,,,TOTAL,All Commodities,1,No Quantity,0,,,,0,,1.80215E+11,,,4
H5,2018,2018,2018,0,0,4,Re-Import,360,Indonesia,IDN,0,World,WLD,,,,,,,,TOTAL,All Commodities,1,No Quantity,0,,,,0,,35281106,,,4
H5,2018,2018,2018,0,0,1,Import,372,Ireland,IRL,0,World,WLD,,,,,,,,TOTAL,All Commodities,1,No Quantity,0,,,,0,,1.06931E+11,,,4
H5,2018,2018,2018,0,0,2,Export,372,Ireland,IRL,0,World,WLD,,,,,,,,TOTAL,All Commodities,1,No Quantity,0,,,,0,,1.67018E+11,,,4
H5,2018,2018,2018,0,0,4,Re-Import,372,Ireland,IRL,0,World,WLD,,,,,,,,TOTAL,All Commodities,1,No Quantity,0,,,,0,,98170404,,,4
H5,2018,2018,2018,0,0,1,Import,376,Israel,ISR,0,World,WLD,,,,,,,,TOTAL,All Commodities,1,No Quantity,0,,,,0,,76584110000,,,4
H5,2018,2018,2018,0,0,2,Export,376,Israel,ISR,0,World,WLD,,,,,,,,TOTAL,All Commodities,1,No Quantity,0,,,,,,61906412000,,,4
H5,2018,2018,2018,0,0,1,Import,381,Italy,ITA,0,World,WLD,,,,,,,,TOTAL,All Commodities,1,No Quantity,0,,,,0,,5.03581E+11,,,4
H5,2018,2018,2018,0,0,2,Export,381,Italy,ITA,0,World,WLD,,,,,,,,TOTAL,All Commodities,1,No Quantity,0,,,,0,,5.49907E+11,,,4
H5,2018,2018,2018,0,0,3,Re-Export,381,Italy,ITA,0,World,WLD,,,,,,,,TOTAL,All Commodities,1,No Quantity,0,,,,0,,23853112865,,,0
H5,2018,2018,2018,0,0,4,Re-Import,381,Italy,ITA,0,World,WLD,,,,,,,,TOTAL,All Commodities,1,No Quantity,0,,,,,,4986969512,,,0
H5,2018,2018,2018,0,0,1,Import,384,Côte d'Ivoire,CIV,0,World,WLD,,,,,,,,TOTAL,All Commodities,1,No Quantity,0,,,,0,,10970725433,,,4
H5,2018,2018,2018,0,0,2,Export,384,Côte d'Ivoire,CIV,0,World,WLD,,,,,,,,TOTAL,All Commodities,1,No Quantity,0,,,,0,,11821310754,,,4
H5,2018,2018,2018,0,0,1,Import,392,Japan,JPN,0,World,WLD,,,,,,,,TOTAL,All Commodities,1,No Quantity,0,,,,0,,7.48218E+11,,,4
H5,2018,2018,2018,0,0,2,Export,392,Japan,JPN,0,World,WLD,,,,,,,,TOTAL,All Commodities,1,No Quantity,0,,,,0,,7.38201E+11,,,4
H5,2018,2018,2018,0,0,1,Import,398,Kazakhstan,KAZ,0,World,WLD,,,,,,,,TOTAL,All Commodities,1,No Quantity,0,,,,0,,33658429453,,,4
H5,2018,2018,2018,0,0,2,Export,398,Kazakhstan,KAZ,0,World,WLD,,,,,,,,TOTAL,All Commodities,1,No Quantity,0,,,,0,,61109053214,,,4
H5,2018,2018,2018,0,0,1,Import,400,Jordan,JOR,0,World,WLD,,,,,,,,TOTAL,All Commodities,1,No Quantity,0,,,,0,,20309900969,,,4
H5,2018,2018,2018,0,0,2,Export,400,Jordan,JOR,0,World,WLD,,,,,,,,TOTAL,All Commodities,1,No Quantity,0,,,,0,,7750262862,,,4
H5,2018,2018,2018,0,0,3,Re-Export,400,Jordan,JOR,0,World,WLD,,,,,,,,TOTAL,All Commodities,1,No Quantity,0,,,,,,1166168040,,,0
H5,2018,2018,2018,0,0,1,Import,410,Rep. of Korea,KOR,0,World,WLD,,,,,,,,TOTAL,All Commodities,1,No Quantity,0,,,,0,,5.35183E+11,,,4
H5,2018,2018,2018,0,0,2,Export,410,Rep. of Korea,KOR,0,World,WLD,,,,,,,,TOTAL,All Commodities,1,No Quantity,0,,,,0,,6.04807E+11,,,4
H5,2018,2018,2018,0,0,1,Import,414,Kuwait,KWT,0,World,WLD,,,,,,,,TOTAL,All Commodities,1,No Quantity,0,,,,0,,35866655317,,,4
H5,2018,2018,2018,0,0,2,Export,414,Kuwait,KWT,0,World,WLD,,,,,,,,TOTAL,All Commodities,1,No Quantity,0,,,,0,,71941444555,,,4
H5,2018,2018,2018,0,0,1,Import,417,Kyrgyzstan,KGZ,0,World,WLD,,,,,,,,TOTAL,All Commodities,1,No Quantity,0,,,,,,5291945776,,,4
H5,2018,2018,2018,0,0,2,Export,417,Kyrgyzstan,KGZ,0,World,WLD,,,,,,,,TOTAL,All Commodities,1,No Quantity,0,,,,,,1835179371,,,4
H5,2018,2018,2018,0,0,1,Import,422,Lebanon,LBN,0,World,WLD,,,,,,,,TOTAL,All Commodities,1,No Quantity,0,,,,0,,19982944051,,,4
H5,2018,2018,2018,0,0,2,Export,422,Lebanon,LBN,0,World,WLD,,,,,,,,TOTAL,All Commodities,1,No Quantity,0,,,,0,,2952759932,,,4
H5,2018,2018,2018,0,0,4,Re-Import,422,Lebanon,LBN,0,World,WLD,,,,,,,,TOTAL,All Commodities,1,No Quantity,0,,,,0,,11307816,,,4
H5,2018,2018,2018,0,0,1,Import,428,Latvia,LVA,0,World,WLD,,,,,,,,TOTAL,All Commodities,1,No Quantity,0,,,,0,,18613315167,,,4
H5,2018,2018,2018,0,0,2,Export,428,Latvia,LVA,0,World,WLD,,,,,,,,TOTAL,All Commodities,1,No Quantity,0,,,,,,15032702015,,,4
H5,2018,2018,2018,0,0,1,Import,440,Lithuania,LTU,0,World,WLD,,,,,,,,TOTAL,All Commodities,1,No Quantity,0,,,,0,,36501414404,,,4
H5,2018,2018,2018,0,0,2,Export,440,Lithuania,LTU,0,World,WLD,,,,,,,,TOTAL,All Commodities,1,No Quantity,0,,,,0,,33334576736,,,4
H5,2018,2018,2018,0,0,1,Import,442,Luxembourg,LUX,0,World,WLD,,,,,,,,TOTAL,All Commodities,1,No Quantity,0,,,,0,,23118820384,,,4
H5,2018,2018,2018,0,0,2,Export,442,Luxembourg,LUX,0,World,WLD,,,,,,,,TOTAL,All Commodities,1,No Quantity,0,,,,,,15148367371,,,4
H5,2018,2018,2018,0,0,3,Re-Export,442,Luxembourg,LUX,0,World,WLD,,,,,,,,TOTAL,All Commodities,1,No Quantity,0,,,,0,,56412800,,,0
H5,2018,2018,2018,0,0,4,Re-Import,442,Luxembourg,LUX,0,World,WLD,,,,,,,,TOTAL,All Commodities,1,No Quantity,0,,,,0,,257599958,,,4
H5,2018,2018,2018,0,0,1,Import,450,Madagascar,MDG,0,World,WLD,,,,,,,,TOTAL,All Commodities,1,No Quantity,0,,,,0,,4081653524,,,4
H5,2018,2018,2018,0,0,2,Export,450,Madagascar,MDG,0,World,WLD,,,,,,,,TOTAL,All Commodities,1,No Quantity,0,,,,0,,3133017751,,,4
H5,2018,2018,2018,0,0,3,Re-Export,450,Madagascar,MDG,0,World,WLD,,,,,,,,TOTAL,All Commodities,1,No Quantity,0,,,,0,,38851041,,,0
H5,2018,2018,2018,0,0,1,Import,458,Malaysia,MYS,0,World,WLD,,,,,,,,TOTAL,All Commodities,1,No Quantity,0,,,,,,2.17358E+11,,,4
H5,2018,2018,2018,0,0,2,Export,458,Malaysia,MYS,0,World,WLD,,,,,,,,TOTAL,All Commodities,1,No Quantity,0,,,,,,2.47324E+11,,,4
H5,2018,2018,2018,0,0,4,Re-Import,458,Malaysia,MYS,0,World,WLD,,,,,,,,TOTAL,All Commodities,1,No Quantity,0,,,,0,,66484684,,,4
H5,2018,2018,2018,0,0,1,Import,462,Maldives,MDV,0,World,WLD,,,,,,,,TOTAL,All Commodities,1,No Quantity,0,,,,,,2961026844,,,4
H5,2018,2018,2018,0,0,2,Export,462,Maldives,MDV,0,World,WLD,,,,,,,,TOTAL,All Commodities,1,No Quantity,0,,,,0,,181711401,,,4
H5,2018,2018,2018,0,0,1,Import,470,Malta,MLT,0,World,WLD,,,,,,,,TOTAL,All Commodities,1,No Quantity,0,,,,,,7204023522,,,4
H5,2018,2018,2018,0,0,2,Export,470,Malta,MLT,0,World,WLD,,,,,,,,TOTAL,All Commodities,1,No Quantity,0,,,,,,3868514079,,,4
H5,2018,2018,2018,0,0,1,Import,480,Mauritius,MUS,0,World,WLD,,,,,,,,TOTAL,All Commodities,1,No Quantity,0,,,,0,,5669326922,,,4
H5,2018,2018,2018,0,0,2,Export,480,Mauritius,MUS,0,World,WLD,,,,,,,,TOTAL,All Commodities,1,No Quantity,0,,,,0,,1987672862,,,4
H5,2018,2018,2018,0,0,1,Import,490,"Other Asia, nes",,0,World,WLD,,,,,,,,TOTAL,All Commodities,1,No Quantity,0,,,,0,,2.86195E+11,,,4
H5,2018,2018,2018,0,0,2,Export,490,"Other Asia, nes",,0,World,WLD,,,,,,,,TOTAL,All Commodities,1,No Quantity,0,,,,0,,3.35744E+11,,,4
H5,2018,2018,2018,0,0,1,Import,496,Mongolia,MNG,0,World,WLD,,,,,,,,TOTAL,All Commodities,1,No Quantity,0,,,,,,5874787944,,,4
H5,2018,2018,2018,0,0,2,Export,496,Mongolia,MNG,0,World,WLD,,,,,,,,TOTAL,All Commodities,1,No Quantity,0,,,,0,,7011757684,,,4
H5,2018,2018,2018,0,0,1,Import,499,Montenegro,MNE,0,World,WLD,,,,,,,,TOTAL,All Commodities,1,No Quantity,0,,,,,,3002864021,,,4
H5,2018,2018,2018,0,0,2,Export,499,Montenegro,MNE,0,World,WLD,,,,,,,,TOTAL,All Commodities,1,No Quantity,0,,,,,,465997357,,,4
H5,2018,2018,2018,0,0,4,Re-Import,499,Montenegro,MNE,0,World,WLD,,,,,,,,TOTAL,All Commodities,1,No Quantity,0,,,,0,,1914401,,,0
H5,2018,2018,2018,0,0,1,Import,504,Morocco,MAR,0,World,WLD,,,,,,,,TOTAL,All Commodities,1,No Quantity,0,,,,0,,51298958639,,,4
H5,2018,2018,2018,0,0,2,Export,504,Morocco,MAR,0,World,WLD,,,,,,,,TOTAL,All Commodities,1,No Quantity,0,,,,0,,29360137412,,,4
H5,2018,2018,2018,0,0,1,Import,508,Mozambique,MOZ,0,World,WLD,,,,,,,,TOTAL,All Commodities,1,No Quantity,0,,,,,,6785547384,,,4
H5,2018,2018,2018,0,0,2,Export,508,Mozambique,MOZ,0,World,WLD,,,,,,,,TOTAL,All Commodities,1,No Quantity,0,,,,,,5195579533,,,4
H5,2018,2018,2018,0,0,1,Import,512,Oman,OMN,0,World,WLD,,,,,,,,TOTAL,All Commodities,1,No Quantity,0,,,,0,,25770092486,,,4
H5,2018,2018,2018,0,0,2,Export,512,Oman,OMN,0,World,WLD,,,,,,,,TOTAL,All Commodities,1,No Quantity,0,,,,0,,41760976158,,,4
H5,2018,2018,2018,0,0,3,Re-Export,512,Oman,OMN,0,World,WLD,,,,,,,,TOTAL,All Commodities,1,No Quantity,0,,,,0,,4793611233,,,0
H5,2018,2018,2018,0,0,1,Import,516,Namibia,NAM,0,World,WLD,,,,,,,,TOTAL,All Commodities,1,No Quantity,0,,,,,,8288940141,,,4
H5,2018,2018,2018,0,0,2,Export,516,Namibia,NAM,0,World,WLD,,,,,,,,TOTAL,All Commodities,1,No Quantity,0,,,,,,7488296000,,,4
H5,2018,2018,2018,0,0,3,Re-Export,516,Namibia,NAM,0,World,WLD,,,,,,,,TOTAL,All Commodities,1,No Quantity,0,,,,0,,3390819377,,,0
H5,2018,2018,2018,0,0,4,Re-Import,516,Namibia,NAM,0,World,WLD,,,,,,,,TOTAL,All Commodities,1,No Quantity,0,,,,0,,50116304,,,0
H5,2018,2018,2018,0,0,1,Import,528,Netherlands,NLD,0,World,WLD,,,,,,,,TOTAL,All Commodities,1,No Quantity,0,,,,0,,5.00631E+11,,,4
H5,2018,2018,2018,0,0,2,Export,528,Netherlands,NLD,0,World,WLD,,,,,,,,TOTAL,All Commodities,1,No Quantity,0,,,,0,,5.55921E+11,,,4
H5,2018,2018,2018,0,0,1,Import,554,New Zealand,NZL,0,World,WLD,,,,,,,,TOTAL,All Commodities,1,No Quantity,0,,,,,,43736245673,,,4
H5,2018,2018,2018,0,0,2,Export,554,New Zealand,NZL,0,World,WLD,,,,,,,,TOTAL,All Commodities,1,No Quantity,0,,,,0,,39838898880,,,4
H5,2018,2018,2018,0,0,3,Re-Export,554,New Zealand,NZL,0,World,WLD,,,,,,,,TOTAL,All Commodities,1,No Quantity,0,,,,0,,1402787147,,,0
H5,2018,2018,2018,0,0,4,Re-Import,554,New Zealand,NZL,0,World,WLD,,,,,,,,TOTAL,All Commodities,1,No Quantity,0,,,,0,,135398520,,,4
H5,2018,2018,2018,0,0,1,Import,558,Nicaragua,NIC,0,World,WLD,,,,,,,,TOTAL,All Commodities,1,No Quantity,0,,,,0,,7351000180,,,4
H5,2018,2018,2018,0,0,2,Export,558,Nicaragua,NIC,0,World,WLD,,,,,,,,TOTAL,All Commodities,1,No Quantity,0,,,,0,,5013907569,,,4
H5,2018,2018,2018,0,0,1,Import,579,Norway,NOR,0,World,WLD,,,,,,,,TOTAL,All Commodities,1,No Quantity,0,,,,0,,87440059696,,,4
H5,2018,2018,2018,0,0,2,Export,579,Norway,NOR,0,World,WLD,,,,,,,,TOTAL,All Commodities,1,No Quantity,0,,,,0,,1.22636E+11,,,4
H5,2018,2018,2018,0,0,1,Import,585,Palau,PLW,0,World,WLD,,,,,,,,TOTAL,All Commodities,1,No Quantity,0,,,,,,154412826,,,0
H5,2018,2018,2018,0,0,2,Export,585,Palau,PLW,0,World,WLD,,,,,,,,TOTAL,All Commodities,1,No Quantity,0,,,,0,,8620908,,,4
H5,2018,2018,2018,0,0,1,Import,586,Pakistan,PAK,0,World,WLD,,,,,,,,TOTAL,All Commodities,1,No Quantity,0,,,,,,60162862445,,,4
H5,2018,2018,2018,0,0,2,Export,586,Pakistan,PAK,0,World,WLD,,,,,,,,TOTAL,All Commodities,1,No Quantity,0,,,,,,23630892979,,,4
H5,2018,2018,2018,0,0,3,Re-Export,586,Pakistan,PAK,0,World,WLD,,,,,,,,TOTAL,All Commodities,1,No Quantity,0,,,,0,,286992836,,,0
H5,2018,2018,2018,0,0,4,Re-Import,586,Pakistan,PAK,0,World,WLD,,,,,,,,TOTAL,All Commodities,1,No Quantity,0,,,,0,,303049950,,,0
H5,2018,2018,2018,0,0,1,Import,600,Paraguay,PRY,0,World,WLD,,,,,,,,TOTAL,All Commodities,1,No Quantity,0,,,,,,13336020989,,,4
H5,2018,2018,2018,0,0,2,Export,600,Paraguay,PRY,0,World,WLD,,,,,,,,TOTAL,All Commodities,1,No Quantity,0,,,,0,,9042469470,,,4
H5,2018,2018,2018,0,0,4,Re-Import,600,Paraguay,PRY,0,World,WLD,,,,,,,,TOTAL,All Commodities,1,No Quantity,0,,,,0,,2069624,,,0
H5,2018,2018,2018,0,0,1,Import,604,Peru,PER,0,World,WLD,,,,,,,,TOTAL,All Commodities,1,No Quantity,0,,,,0,,43123394684,,,4
H5,2018,2018,2018,0,0,2,Export,604,Peru,PER,0,World,WLD,,,,,,,,TOTAL,All Commodities,1,No Quantity,0,,,,,,47894102577,,,4
H5,2018,2018,2018,0,0,4,Re-Import,604,Peru,PER,0,World,WLD,,,,,,,,TOTAL,All Commodities,1,No Quantity,0,,,,0,,12858418,,,0
H5,2018,2018,2018,0,0,1,Import,616,Poland,POL,0,World,WLD,,,,,,,,TOTAL,All Commodities,1,No Quantity,0,,,,0,,2.677E+11,,,4
H5,2018,2018,2018,0,0,2,Export,616,Poland,POL,0,World,WLD,,,,,,,,TOTAL,All Commodities,1,No Quantity,0,,,,0,,2.61815E+11,,,4
H5,2018,2018,2018,0,0,4,Re-Import,616,Poland,POL,0,World,WLD,,,,,,,,TOTAL,All Commodities,1,No Quantity,0,,,,0,,95,,,0
H5,2018,2018,2018,0,0,1,Import,620,Portugal,PRT,0,World,WLD,,,,,,,,TOTAL,All Commodities,1,No Quantity,0,,,,0,,95629298715,,,4
H5,2018,2018,2018,0,0,2,Export,620,Portugal,PRT,0,World,WLD,,,,,,,,TOTAL,All Commodities,1,No Quantity,0,,,,,,74135905807,,,4
H5,2018,2018,2018,0,0,1,Import,642,Romania,ROU,0,World,WLD,,,,,,,,TOTAL,All Commodities,1,No Quantity,0,,,,,,97877632897,,,4
H5,2018,2018,2018,0,0,2,Export,642,Romania,ROU,0,World,WLD,,,,,,,,TOTAL,All Commodities,1,No Quantity,0,,,,,,80077606266,,,4
H5,2018,2018,2018,0,0,1,Import,643,Russian Federation,RUS,0,World,WLD,,,,,,,,TOTAL,All Commodities,1,No Quantity,0,,,,0,,2.40226E+11,,,4
H5,2018,2018,2018,0,0,2,Export,643,Russian Federation,RUS,0,World,WLD,,,,,,,,TOTAL,All Commodities,1,No Quantity,0,,,,0,,4.51495E+11,,,4
H5,2018,2018,2018,0,0,1,Import,688,Serbia,SRB,0,World,WLD,,,,,,,,TOTAL,All Commodities,1,No Quantity,0,,,,,,25882635269,,,4
H5,2018,2018,2018,0,0,2,Export,688,Serbia,SRB,0,World,WLD,,,,,,,,TOTAL,All Commodities,1,No Quantity,0,,,,,,19239126973,,,4
H5,2018,2018,2018,0,0,1,Import,690,Seychelles,SYC,0,World,WLD,,,,,,,,TOTAL,All Commodities,1,No Quantity,0,,,,0,,1136551339,,,4
H5,2018,2018,2018,0,0,2,Export,690,Seychelles,SYC,0,World,WLD,,,,,,,,TOTAL,All Commodities,1,No Quantity,0,,,,0,,846972441,,,4
H5,2018,2018,2018,0,0,3,Re-Export,690,Seychelles,SYC,0,World,WLD,,,,,,,,TOTAL,All Commodities,1,No Quantity,0,,,,0,,329931583,,,0
H5,2018,2018,2018,0,0,1,Import,699,India,IND,0,World,WLD,,,,,,,,TOTAL,All Commodities,1,No Quantity,0,,,,,,5.07616E+11,,,4
H5,2018,2018,2018,0,0,2,Export,699,India,IND,0,World,WLD,,,,,,,,TOTAL,All Commodities,1,No Quantity,0,,,,0,,3.22492E+11,,,4
H5,2018,2018,2018,0,0,1,Import,702,Singapore,SGP,0,World,WLD,,,,,,,,TOTAL,All Commodities,1,No Quantity,0,,,,0,,3.70504E+11,,,4
H5,2018,2018,2018,0,0,2,Export,702,Singapore,SGP,0,World,WLD,,,,,,,,TOTAL,All Commodities,1,No Quantity,0,,,,0,,4.11743E+11,,,4
H5,2018,2018,2018,0,0,1,Import,703,Slovakia,SVK,0,World,WLD,,,,,,,,TOTAL,All Commodities,1,No Quantity,0,,,,,,92928603861,,,4
H5,2018,2018,2018,0,0,2,Export,703,Slovakia,SVK,0,World,WLD,,,,,,,,TOTAL,All Commodities,1,No Quantity,0,,,,,,93443738159,,,4
H5,2018,2018,2018,0,0,4,Re-Import,703,Slovakia,SVK,0,World,WLD,,,,,,,,TOTAL,All Commodities,1,No Quantity,0,,,,0,,1278622076,,,4
H5,2018,2018,2018,0,0,1,Import,705,Slovenia,SVN,0,World,WLD,,,,,,,,TOTAL,All Commodities,1,No Quantity,0,,,,,,36267337521,,,4
H5,2018,2018,2018,0,0,2,Export,705,Slovenia,SVN,0,World,WLD,,,,,,,,TOTAL,All Commodities,1,No Quantity,0,,,,,,36471278939,,,4
H5,2018,2018,2018,0,0,4,Re-Import,705,Slovenia,SVN,0,World,WLD,,,,,,,,TOTAL,All Commodities,1,No Quantity,0,,,,0,,124921805,,,4
H5,2018,2018,2018,0,0,1,Import,710,South Africa,ZAF,0,World,WLD,,,,,,,,TOTAL,All Commodities,1,No Quantity,0,,,,,,92615924571,,,0
H5,2018,2018,2018,0,0,2,Export,710,South Africa,ZAF,0,World,WLD,,,,,,,,TOTAL,All Commodities,1,No Quantity,0,,,,,,93597046864,,,4
H5,2018,2018,2018,0,0,4,Re-Import,710,South Africa,ZAF,0,World,WLD,,,,,,,,TOTAL,All Commodities,1,No Quantity,0,,,,,,326441170,,,0
H5,2018,2018,2018,0,0,1,Import,716,Zimbabwe,ZWE,0,World,WLD,,,,,,,,TOTAL,All Commodities,1,No Quantity,0,,,,0,,6258856188,,,4
H5,2018,2018,2018,0,0,2,Export,716,Zimbabwe,ZWE,0,World,WLD,,,,,,,,TOTAL,All Commodities,1,No Quantity,0,,,,0,,4037202669,,,4
H5,2018,2018,2018,0,0,1,Import,724,Spain,ESP,0,World,WLD,,,,,,,,TOTAL,All Commodities,1,No Quantity,0,,,,0,,3.76185E+11,,,4
H5,2018,2018,2018,0,0,2,Export,724,Spain,ESP,0,World,WLD,,,,,,,,TOTAL,All Commodities,1,No Quantity,0,,,,0,,3.28528E+11,,,4
H5,2018,2018,2018,0,0,1,Import,752,Sweden,SWE,0,World,WLD,,,,,,,,TOTAL,All Commodities,1,No Quantity,0,,,,,,1.70154E+11,,,4
H5,2018,2018,2018,0,0,2,Export,752,Sweden,SWE,0,World,WLD,,,,,,,,TOTAL,All Commodities,1,No Quantity,0,,,,,,1.65926E+11,,,4
H5,2018,2018,2018,0,0,1,Import,757,Switzerland,CHE,0,World,WLD,,,,,,,,TOTAL,All Commodities,1,No Quantity,0,,,,,,2.78666E+11,,,4
H5,2018,2018,2018,0,0,2,Export,757,Switzerland,CHE,0,World,WLD,,,,,,,,TOTAL,All Commodities,1,No Quantity,0,,,,,,3.10524E+11,,,4
H5,2018,2018,2018,0,0,1,Import,764,Thailand,THA,0,World,WLD,,,,,,,,TOTAL,All Commodities,1,No Quantity,0,,,,,,2.49174E+11,,,4
H5,2018,2018,2018,0,0,2,Export,764,Thailand,THA,0,World,WLD,,,,,,,,TOTAL,All Commodities,1,No Quantity,0,,,,0,,2.52485E+11,,,4
H5,2018,2018,2018,0,0,3,Re-Export,764,Thailand,THA,0,World,WLD,,,,,,,,TOTAL,All Commodities,1,No Quantity,0,,,,0,,246094240,,,0
H5,2018,2018,2018,0,0,4,Re-Import,764,Thailand,THA,0,World,WLD,,,,,,,,TOTAL,All Commodities,1,No Quantity,0,,,,0,,3418719090,,,4
H5,2018,2018,2018,0,0,1,Import,784,United Arab Emirates,ARE,0,World,WLD,,,,,,,,TOTAL,All Commodities,1,No Quantity,0,,,,0,,2.44646E+11,,,4
H5,2018,2018,2018,0,0,2,Export,784,United Arab Emirates,ARE,0,World,WLD,,,,,,,,TOTAL,All Commodities,1,No Quantity,0,,,,0,,3.8791E+11,,,4
H5,2018,2018,2018,0,0,3,Re-Export,784,United Arab Emirates,ARE,0,World,WLD,,,,,,,,TOTAL,All Commodities,1,No Quantity,0,,,,0,,2.14568E+11,,,0
H5,2018,2018,2018,0,0,1,Import,792,Turkey,TUR,0,World,WLD,,,,,,,,TOTAL,All Commodities,1,No Quantity,0,,,,,,2.23039E+11,,,4
H5,2018,2018,2018,0,0,2,Export,792,Turkey,TUR,0,World,WLD,,,,,,,,TOTAL,All Commodities,1,No Quantity,0,,,,,,1.68023E+11,,,4
H5,2018,2018,2018,0,0,1,Import,800,Uganda,UGA,0,World,WLD,,,,,,,,TOTAL,All Commodities,1,No Quantity,0,,,,0,,6729436499,,,4
H5,2018,2018,2018,0,0,2,Export,800,Uganda,UGA,0,World,WLD,,,,,,,,TOTAL,All Commodities,1,No Quantity,0,,,,0,,3087363576,,,4
H5,2018,2018,2018,0,0,1,Import,807,North Macedonia,MKD,0,World,WLD,,,,,,,,TOTAL,All Commodities,1,No Quantity,0,,,,,,9051677474,,,4
H5,2018,2018,2018,0,0,2,Export,807,North Macedonia,MKD,0,World,WLD,,,,,,,,TOTAL,All Commodities,1,No Quantity,0,,,,,,6906336855,,,4
H5,2018,2018,2018,0,0,1,Import,826,United Kingdom,GBR,0,World,WLD,,,,,,,,TOTAL,All Commodities,1,No Quantity,0,,,,0,,6.71694E+11,,,4
H5,2018,2018,2018,0,0,2,Export,826,United Kingdom,GBR,0,World,WLD,,,,,,,,TOTAL,All Commodities,1,No Quantity,0,,,,0,,4.9084E+11,,,4
H5,2018,2018,2018,0,0,4,Re-Import,826,United Kingdom,GBR,0,World,WLD,,,,,,,,TOTAL,All Commodities,1,No Quantity,0,,,,0,,5055648184,,,4
H5,2018,2018,2018,0,0,1,Import,834,United Rep. of Tanzania,TZA,0,World,WLD,,,,,,,,TOTAL,All Commodities,1,No Quantity,0,,,,0,,8553677024,,,4
H5,2018,2018,2018,0,0,2,Export,834,United Rep. of Tanzania,TZA,0,World,WLD,,,,,,,,TOTAL,All Commodities,1,No Quantity,0,,,,,,3669212438,,,4
H5,2018,2018,2018,0,0,1,Import,842,USA,USA,0,World,WLD,,,,,,,,TOTAL,All Commodities,1,No Quantity,0,,,,0,,2.61143E+12,,,4
H5,2018,2018,2018,0,0,2,Export,842,USA,USA,0,World,WLD,,,,,,,,TOTAL,All Commodities,1,No Quantity,0,,,,0,,1.6653E+12,,,4
H5,2018,2018,2018,0,0,3,Re-Export,842,USA,USA,0,World,WLD,,,,,,,,TOTAL,All Commodities,1,No Quantity,0,,,,0,,2.52049E+11,,,0
H5,2018,2018,2018,0,0,1,Import,858,Uruguay,URY,0,World,WLD,,,,,,,,TOTAL,All Commodities,1,No Quantity,0,,,,0,,8893245997,,,4
H5,2018,2018,2018,0,0,2,Export,858,Uruguay,URY,0,World,WLD,,,,,,,,TOTAL,All Commodities,1,No Quantity,0,,,,,,7498004935,,,4
H5,2018,2018,2018,0,0,4,Re-Import,858,Uruguay,URY,0,World,WLD,,,,,,,,TOTAL,All Commodities,1,No Quantity,0,,,,0,,21494820,,,4
H5,2018,2018,2018,0,0,1,Import,860,Uzbekistan,UZB,0,World,WLD,,,,,,,,TOTAL,All Commodities,1,No Quantity,0,,,,0,,17313951650,,,4
H5,2018,2018,2018,0,0,2,Export,860,Uzbekistan,UZB,0,World,WLD,,,,,,,,TOTAL,All Commodities,1,No Quantity,0,,,,,,10919011727,,,4
H5,2018,2018,2018,0,0,3,Re-Export,860,Uzbekistan,UZB,0,World,WLD,,,,,,,,TOTAL,All Commodities,1,No Quantity,0,,,,0,,275293334,,,0
H5,2018,2018,2018,0,0,4,Re-Import,860,Uzbekistan,UZB,0,World,WLD,,,,,,,,TOTAL,All Commodities,1,No Quantity,0,,,,0,,10422846,,,0
H5,2018,2018,2018,0,0,1,Import,894,Zambia,ZMB,0,World,WLD,,,,,,,,TOTAL,All Commodities,1,No Quantity,0,,,,0,,9461739088,,,4
H5,2018,2018,2018,0,0,2,Export,894,Zambia,ZMB,0,World,WLD,,,,,,,,TOTAL,All Commodities,1,No Quantity,0,,,,,,9052164774,,,4
H4,2018,2018,2018,0,0,1,Import,4,Afghanistan,AFG,0,World,WLD,,,,,,,,TOTAL,All Commodities,1,No Quantity,0,,,,,,7406590324,,,4
H4,2018,2018,2018,0,0,2,Export,4,Afghanistan,AFG,0,World,WLD,,,,,,,,TOTAL,All Commodities,1,No Quantity,0,,,,0,,884504496,,,4
H4,2018,2018,2018,0,0,3,Re-Export,4,Afghanistan,AFG,0,World,WLD,,,,,,,,TOTAL,All Commodities,1,No Quantity,0,,,,0,,9263097,,,0
H4,2018,2018,2018,0,0,1,Import,72,Botswana,BWA,0,World,WLD,,,,,,,,TOTAL,All Commodities,1,No Quantity,0,,,,,,6168953942,,,4
H4,2018,2018,2018,0,0,2,Export,72,Botswana,BWA,0,World,WLD,,,,,,,,TOTAL,All Commodities,1,No Quantity,0,,,,,,6573000891,,,4
H4,2018,2018,2018,0,0,3,Re-Export,72,Botswana,BWA,0,World,WLD,,,,,,,,TOTAL,All Commodities,1,No Quantity,0,,,,0,,1841357,,,0
H4,2018,2018,2018,0,0,1,Import,90,Solomon Isds,SLB,0,World,WLD,,,,,,,,TOTAL,All Commodities,1,No Quantity,0,,,,,,601388529,,,4
H4,2018,2018,2018,0,0,2,Export,90,Solomon Isds,SLB,0,World,WLD,,,,,,,,TOTAL,All Commodities,1,No Quantity,0,,,,,,569112008,,,4
H4,2018,2018,2018,0,0,3,Re-Export,90,Solomon Isds,SLB,0,World,WLD,,,,,,,,TOTAL,All Commodities,1,No Quantity,0,,,,0,,1196778,,,0
H4,2018,2018,2018,0,0,1,Import,108,Burundi,BDI,0,World,WLD,,,,,,,,TOTAL,All Commodities,1,No Quantity,0,,,,0,,793512239,,,4
H4,2018,2018,2018,0,0,2,Export,108,Burundi,BDI,0,World,WLD,,,,,,,,TOTAL,All Commodities,1,No Quantity,0,,,,0,,169071156,,,4
H4,2018,2018,2018,0,0,3,Re-Export,108,Burundi,BDI,0,World,WLD,,,,,,,,TOTAL,All Commodities,1,No Quantity,0,,,,0,,8746679,,,0
H4,2018,2018,2018,0,0,4,Re-Import,108,Burundi,BDI,0,World,WLD,,,,,,,,TOTAL,All Commodities,1,No Quantity,0,,,,0,,32659,,,0
H4,2018,2018,2018,0,0,1,Import,132,Cabo Verde,CPV,0,World,WLD,,,,,,,,TOTAL,All Commodities,1,No Quantity,0,,,,0,,814604296,,,4
H4,2018,2018,2018,0,0,2,Export,132,Cabo Verde,CPV,0,World,WLD,,,,,,,,TOTAL,All Commodities,1,No Quantity,0,,,,,,75270566,,,4
H4,2018,2018,2018,0,0,1,Import,204,Benin,BEN,0,World,WLD,,,,,,,,TOTAL,All Commodities,1,No Quantity,0,,,,,,3278030278,,,4
H4,2018,2018,2018,0,0,2,Export,204,Benin,BEN,0,World,WLD,,,,,,,,TOTAL,All Commodities,1,No Quantity,0,,,,0,,952223706,,,4
H4,2018,2018,2018,0,0,3,Re-Export,204,Benin,BEN,0,World,WLD,,,,,,,,TOTAL,All Commodities,1,No Quantity,0,,,,0,,138073571,,,0
H4,2018,2018,2018,0,0,1,Import,268,Georgia,GEO,0,World,WLD,,,,,,,,TOTAL,All Commodities,1,No Quantity,0,,,,0,,9136470708,,,4
H4,2018,2018,2018,0,0,2,Export,268,Georgia,GEO,0,World,WLD,,,,,,,,TOTAL,All Commodities,1,No Quantity,0,,,,,,3355704732,,,4
H4,2018,2018,2018,0,0,3,Re-Export,268,Georgia,GEO,0,World,WLD,,,,,,,,TOTAL,All Commodities,1,No Quantity,0,,,,0,,1129484797,,,0
H4,2018,2018,2018,0,0,4,Re-Import,268,Georgia,GEO,0,World,WLD,,,,,,,,TOTAL,All Commodities,1,No Quantity,0,,,,0,,5460112,,,0
H4,2018,2018,2018,0,0,1,Import,270,Gambia,GMB,0,World,WLD,,,,,,,,TOTAL,All Commodities,1,No Quantity,0,,,,0,,601352216,,,4
H4,2018,2018,2018,0,0,2,Export,270,Gambia,GMB,0,World,WLD,,,,,,,,TOTAL,All Commodities,1,No Quantity,0,,,,0,,9091201,,,4
H4,2018,2018,2018,0,0,1,Import,275,State of Palestine,PSE,0,World,WLD,,,,,,,,TOTAL,All Commodities,1,No Quantity,0,,,,,,6539589522,,,4
H4,2018,2018,2018,0,0,2,Export,275,State of Palestine,PSE,0,World,WLD,,,,,,,,TOTAL,All Commodities,1,No Quantity,0,,,,,,1155634049,,,4
H4,2018,2018,2018,0,0,1,Import,404,Kenya,KEN,0,World,WLD,,,,,,,,TOTAL,All Commodities,1,No Quantity,0,,,,0,,17376721272,,,4
H4,2018,2018,2018,0,0,2,Export,404,Kenya,KEN,0,World,WLD,,,,,,,,TOTAL,All Commodities,1,No Quantity,0,,,,0,,6050420682,,,4
H4,2018,2018,2018,0,0,3,Re-Export,404,Kenya,KEN,0,World,WLD,,,,,,,,TOTAL,All Commodities,1,No Quantity,0,,,,0,,705397207,,,0
H4,2018,2018,2018,0,0,1,Import,484,Mexico,MEX,0,World,WLD,,,,,,,,TOTAL,All Commodities,1,No Quantity,0,,,,,,4.64268E+11,,,4
H4,2018,2018,2018,0,0,2,Export,484,Mexico,MEX,0,World,WLD,,,,,,,,TOTAL,All Commodities,1,No Quantity,0,,,,,,4.50532E+11,,,4
H4,2018,2018,2018,0,0,1,Import,498,Rep. of Moldova,MDA,0,World,WLD,,,,,,,,TOTAL,All Commodities,1,No Quantity,0,,,,,,5764281783,,,4
H4,2018,2018,2018,0,0,2,Export,498,Rep. of Moldova,MDA,0,World,WLD,,,,,,,,TOTAL,All Commodities,1,No Quantity,0,,,,0,,2706818216,,,4
H4,2018,2018,2018,0,0,3,Re-Export,498,Rep. of Moldova,MDA,0,World,WLD,,,,,,,,TOTAL,All Commodities,1,No Quantity,0,,,,0,,854433561,,,0
H4,2018,2018,2018,0,0,4,Re-Import,498,Rep. of Moldova,MDA,0,World,WLD,,,,,,,,TOTAL,All Commodities,1,No Quantity,0,,,,0,,10318239,,,0
H4,2018,2018,2018,0,0,1,Import,533,Aruba,ABW,0,World,WLD,,,,,,,,TOTAL,All Commodities,1,No Quantity,0,,,,0,,1257869571,,,4
H4,2018,2018,2018,0,0,2,Export,533,Aruba,ABW,0,World,WLD,,,,,,,,TOTAL,All Commodities,1,No Quantity,0,,,,0,,69762736,,,4
H4,2018,2018,2018,0,0,1,Import,566,Nigeria,NGA,0,World,WLD,,,,,,,,TOTAL,All Commodities,1,No Quantity,0,,,,,,43011523214,,,4
H4,2018,2018,2018,0,0,2,Export,566,Nigeria,NGA,0,World,WLD,,,,,,,,TOTAL,All Commodities,1,No Quantity,0,,,,,,62399742736,,,4
H4,2018,2018,2018,0,0,1,Import,608,Philippines,PHL,0,World,WLD,,,,,,,,TOTAL,All Commodities,1,No Quantity,0,,,,,,1.15038E+11,,,4
H4,2018,2018,2018,0,0,2,Export,608,Philippines,PHL,0,World,WLD,,,,,,,,TOTAL,All Commodities,1,No Quantity,0,,,,,,67487668298,,,4
H4,2018,2018,2018,0,0,1,Import,634,Qatar,QAT,0,World,WLD,,,,,,,,TOTAL,All Commodities,1,No Quantity,0,,,,0,,31696087963,,,4
H4,2018,2018,2018,0,0,2,Export,634,Qatar,QAT,0,World,WLD,,,,,,,,TOTAL,All Commodities,1,No Quantity,0,,,,0,,84288459125,,,0
H4,2018,2018,2018,0,0,3,Re-Export,634,Qatar,QAT,0,World,WLD,,,,,,,,TOTAL,All Commodities,1,No Quantity,0,,,,0,,2717519907,,,0
H4,2018,2018,2018,0,0,1,Import,682,Saudi Arabia,SAU,0,World,WLD,,,,,,,,TOTAL,All Commodities,1,No Quantity,0,,,,0,,1.35211E+11,,,4
H4,2018,2018,2018,0,0,2,Export,682,Saudi Arabia,SAU,0,World,WLD,,,,,,,,TOTAL,All Commodities,1,No Quantity,0,,,,0,,2.94536E+11,,,4
H4,2018,2018,2018,0,0,3,Re-Export,682,Saudi Arabia,SAU,0,World,WLD,,,,,,,,TOTAL,All Commodities,1,No Quantity,0,,,,0,,8688081069,,,0
H4,2018,2018,2018,0,0,1,Import,686,Senegal,SEN,0,World,WLD,,,,,,,,TOTAL,All Commodities,1,No Quantity,0,,,,0,,8071410856,,,4
H4,2018,2018,2018,0,0,2,Export,686,Senegal,SEN,0,World,WLD,,,,,,,,TOTAL,All Commodities,1,No Quantity,0,,,,0,,3623242949,,,4
H4,2018,2018,2018,0,0,1,Import,804,Ukraine,UKR,0,World,WLD,,,,,,,,TOTAL,All Commodities,1,No Quantity,0,,,,,,57187093429,,,4
H4,2018,2018,2018,0,0,2,Export,804,Ukraine,UKR,0,World,WLD,,,,,,,,TOTAL,All Commodities,1,No Quantity,0,,,,0,,47334679853,,,4
H4,2018,2018,2018,0,0,1,Import,818,Egypt,EGY,0,World,WLD,,,,,,,,TOTAL,All Commodities,1,No Quantity,0,,,,,,80992321738,,,4
H4,2018,2018,2018,0,0,2,Export,818,Egypt,EGY,0,World,WLD,,,,,,,,TOTAL,All Commodities,1,No Quantity,0,,,,,,29383961546,,,4
H4,2018,2018,2018,0,0,1,Import,854,Burkina Faso,BFA,0,World,WLD,,,,,,,,TOTAL,All Commodities,1,No Quantity,0,,,,0,,4295841213,,,4
H4,2018,2018,2018,0,0,2,Export,854,Burkina Faso,BFA,0,World,WLD,,,,,,,,TOTAL,All Commodities,1,No Quantity,0,,,,0,,3283185327,,,4
H4,2018,2018,2018,0,0,1,Import,882,Samoa,WSM,0,World,WLD,,,,,,,,TOTAL,All Commodities,1,No Quantity,0,,,,,,362883715,,,4
H4,2018,2018,2018,0,0,2,Export,882,Samoa,WSM,0,World,WLD,,,,,,,,TOTAL,All Commodities,1,No Quantity,0,,,,,,46101305,,,4
H3,2018,2018,2018,0,0,1,Import,28,Antigua and Barbuda,ATG,0,World,WLD,,,,,,,,TOTAL,All Commodities,1,No Quantity,0,,,,,,569155190,,,4
H3,2018,2018,2018,0,0,2,Export,28,Antigua and Barbuda,ATG,0,World,WLD,,,,,,,,TOTAL,All Commodities,1,No Quantity,0,,,,0,,25841081,,,0
H3,2018,2018,2018,0,0,3,Re-Export,28,Antigua and Barbuda,ATG,0,World,WLD,,,,,,,,TOTAL,All Commodities,1,No Quantity,0,,,,0,,22566642,,,0
H3,2018,2018,2018,0,0,1,Import,328,Guyana,GUY,0,World,WLD,,,,,,,,TOTAL,All Commodities,1,No Quantity,0,,,,,,3997940041,,,4
H3,2018,2018,2018,0,0,2,Export,328,Guyana,GUY,0,World,WLD,,,,,,,,TOTAL,All Commodities,1,No Quantity,0,,,,,,1487342206,,,4
H3,2018,2018,2018,0,0,3,Re-Export,328,Guyana,GUY,0,World,WLD,,,,,,,,TOTAL,All Commodities,1,No Quantity,0,,,,,,37705664,,,0
H3,2018,2018,2018,0,0,1,Import,670,Saint Vincent and the Grenadines,VCT,0,World,WLD,,,,,,,,TOTAL,All Commodities,1,No Quantity,0,,,,,,353627074,,,4
H3,2018,2018,2018,0,0,2,Export,670,Saint Vincent and the Grenadines,VCT,0,World,WLD,,,,,,,,TOTAL,All Commodities,1,No Quantity,0,,,,0,,43665885,,,4
H3,2018,2018,2018,0,0,3,Re-Export,670,Saint Vincent and the Grenadines,VCT,0,World,WLD,,,,,,,,TOTAL,All Commodities,1,No Quantity,0,,,,0,,4749465,,,0
H3,2018,2018,2018,0,0,1,Import,678,Sao Tome and Principe,STP,0,World,WLD,,,,,,,,TOTAL,All Commodities,1,No Quantity,0,,,,0,,148305957,,,4
H3,2018,2018,2018,0,0,2,Export,678,Sao Tome and Principe,STP,0,World,WLD,,,,,,,,TOTAL,All Commodities,1,No Quantity,0,,,,0,,12087302,,,4
H3,2018,2018,2018,0,0,4,Re-Import,678,Sao Tome and Principe,STP,0,World,WLD,,,,,,,,TOTAL,All Commodities,1,No Quantity,0,,,,0,,115,,,0
H3,2018,2018,2018,0,0,1,Import,740,Suriname,SUR,0,World,WLD,,,,,,,,TOTAL,All Commodities,1,No Quantity,0,,,,0,,1526897522,,,4
H3,2018,2018,2018,0,0,2,Export,740,Suriname,SUR,0,World,WLD,,,,,,,,TOTAL,All Commodities,1,No Quantity,0,,,,0,,1502817149,,,4
H3,2018,2018,2018,0,0,3,Re-Export,740,Suriname,SUR,0,World,WLD,,,,,,,,TOTAL,All Commodities,1,No Quantity,0,,,,0,,57287213,,,0
H3,2018,2018,2018,0,0,4,Re-Import,740,Suriname,SUR,0,World,WLD,,,,,,,,TOTAL,All Commodities,1,No Quantity,0,,,,0,,2862,,,0
H2,2018,2018,2018,0,0,1,Import,52,Barbados,BRB,0,World,WLD,,,,,,,,TOTAL,ALL COMMODITIES,1,No Quantity,0,,,,0,,1599911169,,,4
H2,2018,2018,2018,0,0,2,Export,52,Barbados,BRB,0,World,WLD,,,,,,,,TOTAL,ALL COMMODITIES,1,No Quantity,0,,,,0,,457709750,,,4
H2,2018,2018,2018,0,0,3,Re-Export,52,Barbados,BRB,0,World,WLD,,,,,,,,TOTAL,ALL COMMODITIES,1,No Quantity,0,,,,0,,202385750,,,0