country,code,indicator,1969,1970,1971,1972,1973,1974,1975,1976,1977,1978,1979,1980,1981,1982,1983,1984,1985,1986,1987,1988,1989,1990,1991,1992,1993,1994,1995,1996,1997,1998,1999,2000,2001,2002,2003,2004,2005,2006,2007,2008,2009,2010,2011,2012,2013,2014,2015,2016,2017,2018,2019
Afghanistan,AFG,sp, , , , , , , , , , , , , , , , , , , , , , , , , , , , , , , , , , , , , , , , , , , , , , , , , , ,
Afghanistan,AFG,mdy, , , , , , , , , , , , , , , , , , , , , , , , , , , , , , , , , , , , , , , , , , , , , , , , , , ,
Afghanistan,AFG,fitch, , , , , , , , , , , , , , , , , , , , , , , , , , , , , , , , , , , , , , , , , , , , , , , , , , ,
Albania,ALB,sp, , , , , , , , , , , , , , , , , , , , , , , , , , , , , , , , , , , , , , , , , , ,16,16,16,17,17,17,16,16,
Albania,ALB,mdy, , , , , , , , , , , , , , , , , , , , , , , , , , , , , , , , , , , , , , , ,15,15,15,15,15,15,15,15,15,15,15,
Albania,ALB,fitch, , , , , , , , , , , , , , , , , , , , , , , , , , , , , , , , , , , , , , , , , , , , , , , , , , ,
Algeria,DZA,sp, , , , , , , , , , , , , , , , , , , , , , , , , , , , , , , , , , , , , , , , , , , , , , , , , , ,
Algeria,DZA,mdy, , , , , , , , , , , , , , , , , , , , , , , , , , , , , , , , , , , , , , , , , , , , , , , , , , ,
Algeria,DZA,fitch, , , , , , , , , , , , , , , , , , , , , , , , , , , , , , , , , , , , , , , , , , , , , , , , , , ,
American Samoa,ASM,sp, , , , , , , , , , , , , , , , , , , , , , , , , , , , , , , , , , , , , , , , , , , , , , , , , , ,
American Samoa,ASM,mdy, , , , , , , , , , , , , , , , , , , , , , , , , , , , , , , , , , , , , , , , , , , , , , , , , , ,
American Samoa,ASM,fitch, , , , , , , , , , , , , , , , , , , , , , , , , , , , , , , , , , , , , , , , , , , , , , , , , , ,
Andorra,AND,sp, , , , , , , , , , , , , , , , , , , , , , , , , , , , , , , , , , , ,6,5,5,5,5,6,7,8,8,9,9,10,12,12,11,
Andorra,AND,mdy, , , , , , , , , , , , , , , , , , , , , , , , , , , , , , , , , , , , , , , , , , , , , , , , , , ,
Andorra,AND,fitch, , , , , , , , , , , , , , , , , , , , , , , , , , , , , , , , , , , , , , , , , , , , , , , ,11,11,11,
Angola,AGO,sp, , , , , , , , , , , , , , , , , , , , , , , , , , , , , , , , , , , , , , , , , , ,16,15,15,15,15,16,17,18,
Angola,AGO,mdy, , , , , , , , , , , , , , , , , , , , , , , , , , , , , , , , , , , , , , , , , , ,15,13,13,13,12,12,15,16,
Angola,AGO,fitch, , , , , , , , , , , , , , , , , , , , , , , , , , , , , , , , , , , , , , , , , , ,16,15,15,15,15,16,17,17,
Antigua and Barbuda,ATG,sp, , , , , , , , , , , , , , , , , , , , , , , , , , , , , , , , , , , , , , , , , , , , , , , , , , ,
Antigua and Barbuda,ATG,mdy, , , , , , , , , , , , , , , , , , , , , , , , , , , , , , , , , , , , , , , , , , , , , , , , , , ,
Antigua and Barbuda,ATG,fitch, , , , , , , , , , , , , , , , , , , , , , , , , , , , , , , , , , , , , , , , , , , , , , , , , , ,
Argentina,ARG,sp, , , , , , , , , , , , , , , , , , , , , , , , , ,15,15,15,15,14,14,14,15, , , , ,18,16,16,18,18,17,17,18,19, , ,18,16,
Argentina,ARG,mdy, , , , , , , , , , , , , , , , , , , , , , , , , , , , , , , , , ,21,21,18,18,17,17,17,17,17,17,17,17,17,18,18,17,16,
Argentina,ARG,fitch, , , , , , , , , , , , , , , , , , , , , , , , , , , , , ,14,14,14,14,28,28,28,28, , , , , ,17,17,23,23, , ,17,17,
Armenia,ARM,sp, , , , , , , , , , , , , , , , , , , , , , , , , , , , , , , , , , , , , , , , , , , , , , , , , , ,
Armenia,ARM,mdy, , , , , , , , , , , , , , , , , , , , , , , , , , , , , , , , , , , , , , ,12,12,12,12,12,12,12,12,12,13,15,15,
Armenia,ARM,fitch, , , , , , , , , , , , , , , , , , , , , , , , , , , , , , , , , , , , , , ,15,15,14,15,15,15,15,15,15,16,16,16,
Aruba,ABW,sp, , , , , , , , , , , , , , , , , , , , , , , , , , , , , , , , , , , , , , , , ,9,9,9,9,9,10,10,10,10,10,
Aruba,ABW,mdy, , , , , , , , , , , , , , , , , , , , , , , , , , , , , , , , , , , , , , , , , , , , , , , , , , ,
Aruba,ABW,fitch, , , , , , , , , , , , , , , , , , , , , , , , , , , , , , , , , , ,11,11,11,11,11,11,11,11,11,11,11,11,12,12,12,12,
Australia,AUS,sp,11,11,11,11,11,11,11,2,2,2,2,2,2,2,2,2,2,2,4,4,4,5,5,5,5,5,5,5,5,5,5,4,4,4,4,2,2,2,2,2,2,2,2,2,2,2,2,2,2,2,
Australia,AUS,mdy, , , , , , , , , , , , , , , , , , , , , , , , , , , , , , , , , ,3,1,1,1,1,1,1,1,1,1,1,1,1,1,1,1,1,
Australia,AUS,fitch, , , , , , , , , , , , , , , , , , , , , , , , , , , , , , , , , , , , , ,4,4,4,4,4,4,2,2,2,2,2,2,2,
Austria,AUT,sp, , , , , , , ,2,2,2,2,2,2,2,2,2,2,2,2,2,2,2,2,2,2,2,2,2,2,2,2,2,2,2,2,2,2,2,2,2,2,2,2,3,4,4,4,4,4,4,
Austria,AUT,mdy, , , , , , , , , , , , , , , , , , , , , , , , , , , , , , , , , ,1,1,1,1,1,1,1,1,1,1,1,1,1,1,1,2,2,
Austria,AUT,fitch, , , , , , , , , , , , , , , , , , , , , , , , , , ,2,2,2,2,2,2,2,2,2,2,2,2,2,2,2,2,2,2,2,2,2,4,4,4,
Azerbaijan,AZE,sp, , , , , , , , , , , , , , , , , , , , , , , , , , , , , , , , , , , , , , , , ,13,13,13,12,12,12,12,12,13,13,
Azerbaijan,AZE,mdy, , , , , , , , , , , , , , , , , , , , , , , , , , , , , , , , , , , , , , ,11,11,11,11,11,11,10,10,10,10,11,12,
Azerbaijan,AZE,fitch, , , , , , , , , , , , , , , , , , , , , , , , , , , , , , , , ,16,15,15,15,14,14,14,13,13,13,12,12,12,12,12,12,13,13,
"Bahamas, The",BHS,sp, , , , , , , , , , , , , , , , , , , , , , , , , , , , , , , , , , , ,9,9,9,9,9,9,10,10,11,11,11,11,12,13,13,
"Bahamas, The",BHS,mdy, , , , , , , , , , , , , , , , , , , , , , , , , , , , , ,7,7,7,7,7,7,7,7,7,7,7,7,7,7,7,8,8,9,9,10,10,
"Bahamas, The",BHS,fitch, , , , , , , , , , , , , , , , , , , , , , , , , , , , , , , , , , , , , , , , , , , , , , , , , , ,
Bahrain,BHR,sp, , , , , , , , , , , , , , , , , , , , , , , , , , , , , , , , , , ,9,9,9,9,8,8,8,8,8,11,11,11,11,12,15,16,
Bahrain,BHR,mdy, , , , , , , , , , , , , , , , , , , , , , , , , , , , , , , ,11,11,11,10,8,8,8,7,6,6,6,7,8,8,9,9,10,12,15,
Bahrain,BHR,fitch, , , , , , , , , , , , , , , , , , , , , , , , , , , , , , , , ,12,11,10,9,9,9,9,8,8,8,8,11,11,11,11,12,13,13,
Bangladesh,BGD,sp, , , , , , , , , , , , , , , , , , , , , , , , , , , , , , , , , , , , , , , , , , ,15,15,15,15,15,15,15,15,
Bangladesh,BGD,mdy, , , , , , , , , , , , , , , , , , , , , , , , , , , , , , , , , , , , , , , , , , ,13,13,13,13,13,13,13,13,
Bangladesh,BGD,fitch, , , , , , , , , , , , , , , , , , , , , , , , , , , , , , , , , , , , , , , , , , , , , , ,15,15,15,15,
Barbados,BRB,sp, , , , , , , , , , , , , , , , , , , , , , , , , , , , , , , ,9,9,9,9,9,10,10,10,10,10,11,12,12,13,15,17,17,18,19,
Barbados,BRB,mdy, , , , , , , , , , , , , , , , , , , , , , , , , , ,12,12,12,11,11,11,9,9,9,9,9,9,9,9,9,10,10,10,11,13,17,17,18,20,
Barbados,BRB,fitch, , , , , , , , , , , , , , , , , , , , , , , , , , , , , , , , , , , , , , , , , , , , , , , , , , ,
Belarus,BLR,sp, , , , , , , , , , , , , , , , , , , , , , , , , , , , , , , , , , , , , , , ,16,16,16,16,18,18,18,18,18,18,17,
Belarus,BLR,mdy, , , , , , , , , , , , , , , , , , , , , , , , , , , , , , , , , , , , , , , ,15,15,15,15,17,17,17,17,18,18,18,
Belarus,BLR,fitch, , , , , , , , , , , , , , , , , , , , , , , , , , , , , , , , , , , , , , , , , , , , , , , , ,18,18,
Belgium,BEL,sp, , , , , , , , , , , , , , , , , , , , , , , , ,4,4,4,4,4,4,4,4,4,4,4,4,4,4,4,4,4,4,4,6,5,5,5,5,5,5,
Belgium,BEL,mdy, , , , , , , , , , , , , , , , , , , , ,2,2,2,2,2,2,2,2,2,2,2,2,2,2,2,2,2,2,2,2,2,2,2,4,4,4,4,4,4,4,
Belgium,BEL,fitch, , , , , , , , , , , , , , , , , , , , , , , , , , ,4,4,4,4,6,6,6,6,5,5,5,5,4,4,4,4,4,4,5,5,5,5,6,6,
Belize,BLZ,sp, , , , , , , , , , , , , , , , , , , , , , , , , , , , , , , , ,14,15,16,16,18,21, ,17,17,17,17,18, ,18,18,18,23,18,
Belize,BLZ,mdy, , , , , , , , , , , , , , , , , , , , , , , , , , , , , , , , , , ,12,13,16,20,20,18,18,17,17,17,21,19,19,19,19,17,
Belize,BLZ,fitch, , , , , , , , , , , , , , , , , , , , , , , , , , , , , , , , , , , , , , , , , , , , , , , , , , ,
Benin,BEN,sp, , , , , , , , , , , , , , , , , , , , , , , , , , , , , , , , , , , ,16,16,16,17,17,17,17,17,17,17, , , , , ,
Benin,BEN,mdy, , , , , , , , , , , , , , , , , , , , , , , , , , , , , , , , , , , , , , , , , , , , , , , , , , ,
Benin,BEN,fitch, , , , , , , , , , , , , , , , , , , , , , , , , , , , , , , , , , , , ,17,17,17,17,17,17,17,17, , , , , , ,
Bermuda,BMU,sp, , , , , , , , , , , , , , , , , , , , , , , , , , , ,5,5,5,5,5,5,5,5,5,5,5,5,5,5,5,5,6,6,6,6,7,7,7,
Bermuda,BMU,mdy, , , , , , , , , , , , , , , , , , , , , , , , , , ,2,2,2,2,2,2,2,2,2,2,2,2,2,2,2,3,3,3,3,4,5,5,6,6,
Bermuda,BMU,fitch, , , , , , , , , , , , , , , , , , , , , , , , , , ,5,5,5,5,5,5,5,5,5,5,5,5,4,4,4,4,4,4,5,6,7, , , ,
Bhutan,BTN,sp, , , , , , , , , , , , , , , , , , , , , , , , , , , , , , , , , , , , , , , , , , , , , , , , , , ,
Bhutan,BTN,mdy, , , , , , , , , , , , , , , , , , , , , , , , , , , , , , , , , , , , , , , , , , , , , , , , , , ,
Bhutan,BTN,fitch, , , , , , , , , , , , , , , , , , , , , , , , , , , , , , , , , , , , , , , , , , , , , , , , , , ,
Bolivia,BOL,sp, , , , , , , , , , , , , , , , , , , , , , , , , , , , , , ,15,15,16,16,16,18,18,18,18,18,18,18,17,16,15,15,14,14,14,14,
Bolivia,BOL,mdy, , , , , , , , , , , , , , , , , , , , , , , , , , , , , , , , , , , , , , , , , , , , ,13,13,13,13,13,13,
Bolivia,BOL,fitch, , , , , , , , , , , , , , , , , , , , , , , , , , , , , , , , , , , , ,18,18,18,18,18,17,16,16,15,15,15,14,15,15,
Bosnia and Herzegovina,BIH,sp, , , , , , , , , , , , , , , , , , , , , , , , , , , , , , , , , , , , , , , , ,16,16,16,18,17,17,17,17,17,17,
Bosnia and Herzegovina,BIH,mdy, , , , , , , , , , , , , , , , , , , , , , , , , , , , , , , , , , , , ,17,17,16,16,16,16,16,16,17,17,17,17,17,17,
Bosnia and Herzegovina,BIH,fitch, , , , , , , , , , , , , , , , , , , , , , , , , , , , , , , , , , , , , , , , , , , , , , , , , , ,
Botswana,BWA,sp, , , , , , , , , , , , , , , , , , , , , , , , , , , , , , , , , ,8,8,8,8,8,8,8,8,8,9,9,9,9,9,9,9,9,
Botswana,BWA,mdy, , , , , , , , , , , , , , , , , , , , , , , , , , , , , , , , , ,6,6,6,6,6,6,6,6,6,6,6,6,6,6,6,6,6,
Botswana,BWA,fitch, , , , , , , , , , , , , , , , , , , , , , , , , , , , , , , , , , , , , , , , , , , , , , , , , , ,
Brazil,BRA,sp, , , , , , , , , , , , , , , , , , , , , , , , , , ,17,16,16,15,15,16,16,15,16,16,15,15,14,13,12,12,12,11,11,11,12,13,14,14,
Brazil,BRA,mdy, , , , , , , , , , , , , , , , , , , , , , , , , , , , , , , , , ,15,16,16,15,13,12,11,11,10,10,9,9,9,9,10,12,12,
Brazil,BRA,fitch, , , , , , , , , , , , , , , , , , , , , , , , , , , , , , , , , , , , , , ,14,13,12,12,12,11,11,11,11,13,14,14,
British Virgin Islands,VGB,sp, , , , , , , , , , , , , , , , , , , , , , , , , , , , , , , , , , , , , , , , , , , , , , , , , , ,
British Virgin Islands,VGB,mdy, , , , , , , , , , , , , , , , , , , , , , , , , , , , , , , , , , , , , , , , , , , , , , , , , , ,
British Virgin Islands,VGB,fitch, , , , , , , , , , , , , , , , , , , , , , , , , , , , , , , , , , , , , , , , , , , , , , , , , , ,
Brunei Darussalam,BRN,sp, , , , , , , , , , , , , , , , , , , , , , , , , , , , , , , , , , , , , , , , , , , , , , , , , , ,
Brunei Darussalam,BRN,mdy, , , , , , , , , , , , , , , , , , , , , , , , , , , , , , , , , , , , , , , , , , , , , , , , , , ,
Brunei Darussalam,BRN,fitch, , , , , , , , , , , , , , , , , , , , , , , , , , , , , , , , , , , , , , , , , , , , , , , , , , ,
Bulgaria,BGR,sp, , , , , , , , , , , , , , , , , , , , , , , , , , , , , , ,17,17,16,15,14,13,12,11,10,10,11,11,11,11,11,11,13,13,13,12,
Bulgaria,BGR,mdy, , , , , , , , , , , , , , , , , , , , , , , , , , , , , , , , , ,15,15,12,11,11,10,10,10,10,10,9,9,9,9,9,9,9,
Bulgaria,BGR,fitch, , , , , , , , , , , , , , , , , , , , , , , , , , , , , , ,16,16,16,16,14,13,12,11,11,11,12,12,12,12,12,12,12,12,12,11,
Burkina Faso,BFA,sp, , , , , , , , , , , , , , , , , , , , , , , , , , , , , , , , , , , , ,17,17,17,17,17,17,17,17,17,17,18,18,18,17,
Burkina Faso,BFA,mdy, , , , , , , , , , , , , , , , , , , , , , , , , , , , , , , , , , , , , , , , , , , , , , , , , , ,
Burkina Faso,BFA,fitch, , , , , , , , , , , , , , , , , , , , , , , , , , , , , , , , , , , , , , , , , , , , , , , , , , ,
Burundi,BDI,sp, , , , , , , , , , , , , , , , , , , , , , , , , , , , , , , , , , , , , , , , , , , , , , , , , , ,
Burundi,BDI,mdy, , , , , , , , , , , , , , , , , , , , , , , , , , , , , , , , , , , , , , , , , , , , , , , , , , ,
Burundi,BDI,fitch, , , , , , , , , , , , , , , , , , , , , , , , , , , , , , , , , , , , , , , , , , , , , , , , , , ,
Cabo Verde,CPV,sp, , , , , , , , , , , , , , , , , , , , , , , , , , , , , , , , , , , , , , , , ,16,16,16,16,16,17,17,17,17,17,
Cabo Verde,CPV,mdy, , , , , , , , , , , , , , , , , , , , , , , , , , , , , , , , , , , , , , , , , , , , , , , , , , ,
Cabo Verde,CPV,fitch, , , , , , , , , , , , , , , , , , , , , , , , , , , , , , , , , , , ,16,16,16,16,16,16,16,16,16,16,16,17,17,17,17,
Cambodia,KHM,sp, , , , , , , , , , , , , , , , , , , , , , , , , , , , , , , , , , , , , , , ,16,16,16,16,17,17,17, , , , ,
Cambodia,KHM,mdy, , , , , , , , , , , , , , , , , , , , , , , , , , , , , , , , , , , , , , , ,16,16,16,16,16,16,16,16,16,16,16,
Cambodia,KHM,fitch, , , , , , , , , , , , , , , , , , , , , , , , , , , , , , , , , , , , , , , , , , , , , , , , , , ,
Cameroon,CMR,sp, , , , , , , , , , , , , , , , , , , , , , , , , , , , , , , , , , , ,17,20,20,18,17,17,17,17,17,17,17,17,17,17,17,
Cameroon,CMR,mdy, , , , , , , , , , , , , , , , , , , , , , , , , , , , , , , , , , , , , , , , , , , , , , , , ,16,16,
Cameroon,CMR,fitch, , , , , , , , , , , , , , , , , , , , , , , , , , , , , , , , , , , ,17,17,18,17,17,17,17,17,17,17,17,17,17,17,17,
Canada,CAN,sp,2,2,2,2,2,2,2,2,2,2,2,2,2,2,2,2,2,2,2,2,2,2,2,2,4,4,4,4,4,4,4,4,4,4,2,2,2,2,2,2,2,2,2,2,2,2,2,2,2,2,
Canada,CAN,mdy, , , , , , ,1,1,1,1,1,1,1,1,1,1,1,1,1,1,1,1,1,1,1,1,2,3,3,3,3,3,2,2,1,1,1,1,1,1,1,1,1,1,1,1,1,1,1,1,
Canada,CAN,fitch, , , , , , , , , , , , , , , , , , , , , , , , , , ,5,5,5,5,5,5,5,4,4,4,2,2,2,2,2,2,2,2,2,2,2,2,2,2,
Cayman Islands,CYM,sp, , , , , , , , , , , , , , , , , , , , , , , , , , , , , , , , , , , , , , , , , , , , , , , , , , ,
Cayman Islands,CYM,mdy, , , , , , , , , , , , , , , , , , , , , , , , , , , , , ,4,4,4,4,4,4,4,4,4,4,4,4,4,4,4,4,4,4,4,4,4,
Cayman Islands,CYM,fitch, , , , , , , , , , , , , , , , , , , , , , , , , , , , , , , , , , , , , , , , , , , , , , , , , , ,
Central African Republic,CAF,sp, , , , , , , , , , , , , , , , , , , , , , , , , , , , , , , , , , , , , , , , , , , , , , , , , , ,
Central African Republic,CAF,mdy, , , , , , , , , , , , , , , , , , , , , , , , , , , , , , , , , , , , , , , , , , , , , , , , , , ,
Central African Republic,CAF,fitch, , , , , , , , , , , , , , , , , , , , , , , , , , , , , , , , , , , , , , , , , , , , , , , , , , ,
Chad,TCD,sp, , , , , , , , , , , , , , , , , , , , , , , , , , , , , , , , , , , , , , , , , , , , , , , , , , ,
Chad,TCD,mdy, , , , , , , , , , , , , , , , , , , , , , , , , , , , , , , , , , , , , , , , , , , , , , , , , , ,
Chad,TCD,fitch, , , , , , , , , , , , , , , , , , , , , , , , , , , , , , , , , , , , , , , , , , , , , , , , , , ,
Channel Islands,CHI,sp, , , , , , , , , , , , , , , , , , , , , , , , , , , , , , , , , , , , , , , , , , , , , , , , , , ,
Channel Islands,CHI,mdy, , , , , , , , , , , , , , , , , , , , , , , , , , , , , , , , , , , , , , , , , , , , , , , , , , ,
Channel Islands,CHI,fitch, , , , , , , , , , , , , , , , , , , , , , , , , , , , , , , , , , , , , , , , , , , , , , , , , , ,
Chile,CHL,sp, , , , , , , , , , , , , , , , , , , , , , , , ,11,10,10,9,9,9,9,9,9,9,9,9,8,8,8,7,7,7,7,7,6,6,6,6,6,7,
Chile,CHL,mdy, , , , , , , , , , , , , , , , , , , , , , , , , , , , , , , , , , ,8,8,8,8,6,6,6,5,4,4,4,4,4,4,4,4,
Chile,CHL,fitch, , , , , , , , , , , , , , , , , , , , , , , , , , , , , , , , , , , , , ,8,8,8,8,8,8,7,7,7,7,7,7,8,
China,CHN,sp, , , , , , , , , , , , , , , , , , , , , , , , ,11,11,11,11,11,10,10,11,11,11,11,11,10,9,8,8,7,7,6,6,6,6,6,6,6,7,
China,CHN,mdy, , , , , , , , , , , , , , , , , , , , ,7,8,8,8,8,7,7,7,7,7,7,7,7,7,7,6,6,6,6,5,5,5,4,4,4,4,4,4,4,5,
China,CHN,fitch, , , , , , , , , , , , , , , , , , , , , , , , , , , , , ,9,9,9,9,9,9,9,9,8,8,7,7,7,7,7,7,7,7,7,7,7,
Colombia,COL,sp, , , , , , , , , , , , , , , , , , , , , , , , , ,12,12,12,12,12,12,13,14,14,14,14,14,14,14,13,13,13,13,12,12,11,11,11,11,12,
Colombia,COL,mdy, , , , , , , , , , , , , , , , , , , , , , , , , , , ,10,10,10,10,12,12,12,12,12,12,12,12,12,11,11,11,10,10,10,9,9,9,9,
Colombia,COL,fitch, , , , , , , , , , , , , , , , , , , , , , , , , , ,11,11,11,11,11,12,13,13,14,14,14,14,14,13,13,13,13,12,12,11,11,11,11,11,
Comoros,COM,sp, , , , , , , , , , , , , , , , , , , , , , , , , , , , , , , , , , , , , , , , , , , , , , , , , , ,
Comoros,COM,mdy, , , , , , , , , , , , , , , , , , , , , , , , , , , , , , , , , , , , , , , , , , , , , , , , , , ,
Comoros,COM,fitch, , , , , , , , , , , , , , , , , , , , , , , , , , , , , , , , , , , , , , , , , , , , , , , , , , ,
"Congo, Dem. Rep.",COD,sp, , , , , , , , , , , , , , , , , , , , , , , , , , , , , , , , , , , , , , , , , , , , , ,18,18,18,18,19,
"Congo, Dem. Rep.",COD,mdy, , , , , , , , , , , , , , , , , , , , , , , , , , , , , , , , , , , , , , , , , , , , , ,17,17,17,17,17,
"Congo, Dem. Rep.",COD,fitch, , , , , , , , , , , , , , , , , , , , , , , , , , , , , , , , , , , , , , , , , , , , , , , , , , ,
"Congo, Rep.",COG,sp, , , , , , , , , , , , , , , , , , , , , , , , , , , , , , , , , , , , , , , , , , , , , ,16,16,17,18,19,
"Congo, Rep.",COG,mdy, , , , , , , , , , , , , , , , , , , , , , , , , , , , , , , , , , , , , , , , , , , , , ,13,13,13,17,19,
"Congo, Rep.",COG,fitch, , , , , , , , , , , , , , , , , , , , , , , , , , , , , , , , , , , , , , , , , , , , , ,16,16,16,20,23,
Costa Rica,CRI,sp, , , , , , , , , , , , , , , , , , , , , , , , , , , , , ,14,14,14,14,14,14,14,14,14,14,13,13,13,13,13,13,14,14,14,15,15,
Costa Rica,CRI,mdy, , , , , , , , , , , , , , , , , , , , , , , , , , , , , , , , , ,11,11,11,11,11,11,11,11,11,10,10,10,10,11,11,11,12,
Costa Rica,CRI,fitch, , , , , , , , , , , , , , , , , , , , , , , , , , , , , , , , ,14,14,14,14,14,14,14,14,14,14,14,13,13,13,13,13,13,14,
Côte d'Ivoire,CIV,sp, , , , , , , , , , , , , , , , , , , , , , , , , , , , , , , , , , , , , , , , , , , , , , , , , , ,
Côte d'Ivoire,CIV,mdy, , , , , , , , , , , , , , , , , , , , , , , , , , , , , , , , , , , , , , , , , , , , , , ,15,13,13,13,
Côte d'Ivoire,CIV,fitch, , , , , , , , , , , , , , , , , , , , , , , , , , , , , , , , , , , , , , , , , , , , , , ,17,16,16,16,
Croatia,HRV,sp, , , , , , , , , , , , , , , , , , , , , , , , , , , , , ,12,12,12,12,12,12,12,11,11,11,11,11,11,12,12,13,13,14,14,14,14,
Croatia,HRV,mdy, , , , , , , , , , , , , , , , , , , , , , , , , , , , , , , , , ,10,10,10,10,10,10,10,10,10,10,10,10,11,11,11,12,12,
Croatia,HRV,fitch, , , , , , , , , , , , , , , , , , , , , , , , , , , , , ,12,12,13,13,12,12,12,12,12,12,12,12,12,12,12,12,13,14,14,14,14,
Cuba,CUB,sp, , , , , , , , , , , , , , , , , , , , , , , , , , , , , , , , , , , , , , , , , , , , , , , , , , ,
Cuba,CUB,mdy, , , , , , , , , , , , , , , , , , , , , , , , , , , , , , , ,18,18,18,18,18,18,18,18,18,18,18,18,18,18,18,19,19,19,19,
Cuba,CUB,fitch, , , , , , , , , , , , , , , , , , , , , , , , , , , , , , , , , , , , , , , , , , , , , , , , , , ,
Curaçao,CUW,sp, , , , , , , , , , , , , , , , , , , , , , , , , , , , , , , , , , , , , , , , , , , ,9,9,9,9,9,9,9,
Curaçao,CUW,mdy, , , , , , , , , , , , , , , , , , , , , , , , , , , , , , , , , , , , , , , , , , , , , , , , , , ,
Curaçao,CUW,fitch, , , , , , , , , , , , , , , , , , , , , , , , , , , , , , , , , , , , , , , , , , , , , , , , , , ,
Cyprus,CYP,sp, , , , , , , , , , , , , , , , , , , , , , , , , , ,6,6,6,6,7,8,8,8,8,8,8,8,8,8,7,7,8,11,19,18,16,15,14,13,
Cyprus,CYP,mdy, , , , , , , , , , , , , , , , , , , , , , , , , , , , , , , , , ,6,6,6,6,6,6,5,4,4,4,10,17,20,17,15,15,13,
Cyprus,CYP,fitch, , , , , , , , , , , , , , , , , , , , , , , , , , , , , , , , , , ,7,7,7,7,7,6,6,6,6,11,15,18,18,16,15,14,
Czech Republic,CZE,sp, , , , , , , , , , , , , , , , , , , , , , , , , ,11,10,8,8,8,9,9,9,9,9,9,9,9,9,8,8,8,8,6,6,6,6,6,6,6,
Czech Republic,CZE,mdy, , , , , , , , , , , , , , , , , , , , , , , , , , , , , , , ,8,8,8,5,5,5,5,5,5,5,5,5,5,5,5,5,5,5,5,
Czech Republic,CZE,fitch, , , , , , , , , , , , , , , , , , , , , , , , , , , ,9,9,10,10,10,10,10,10,9,9,8,8,8,7,7,7,7,7,7,7,7,7,7,
Denmark,DNK,sp, , , , , , , , , , , , , ,2,2,4,4,4,4,5,5,5,5,4,4,4,4,4,4,4,4,4,4,2,2,2,2,2,2,2,2,2,2,2,2,2,2,2,2,2,
Denmark,DNK,mdy, , , , , , , , , , , , , , , , , , ,2,2,2,2,2,2,2,2,2,2,2,2,2,1,1,1,1,1,1,1,1,1,1,1,1,1,1,1,1,1,1,1,
Denmark,DNK,fitch, , , , , , , , , , , , , , , , , , , , , , , , , , ,4,4,4,4,4,4,4,4,4,2,2,2,2,2,2,2,2,2,2,2,2,2,2,2,
Djibouti,DJI,sp, , , , , , , , , , , , , , , , , , , , , , , , , , , , , , , , , , , , , , , , , , , , , , , , , , ,
Djibouti,DJI,mdy, , , , , , , , , , , , , , , , , , , , , , , , , , , , , , , , , , , , , , , , , , , , , , , , , , ,
Djibouti,DJI,fitch, , , , , , , , , , , , , , , , , , , , , , , , , , , , , , , , , , , , , , , , , , , , , , , , , , ,
Dominica,DMA,sp, , , , , , , , , , , , , , , , , , , , , , , , , , , , , , , , , , , , , , , , , , , , , , , , , , ,
Dominica,DMA,mdy, , , , , , , , , , , , , , , , , , , , , , , , , , , , , , , , , , , , , , , , , , , , , , , , , , ,
Dominica,DMA,fitch, , , , , , , , , , , , , , , , , , , , , , , , , , , , , , , , , , , , , , , , , , , , , , , , , , ,
Dominican Republic,DOM,sp, , , , , , , , , , , , , , , , , , , , , , , , , , , , , ,16,16,16,16,15,15,20,23,17,17,16,17,17,17,16,16,16,16,15,15,15,
Dominican Republic,DOM,mdy, , , , , , , , , , , , , , , , , , , , , , , , , , , , , , , ,15,15,12,12,16,17,17,17,16,16,16,15,15,15,15,15,15,15,13,
Dominican Republic,DOM,fitch, , , , , , , , , , , , , , , , , , , , , , , , , , , , , , , , , , , ,17,19,18,17,17,17,17,17,17,17,17,16,16,15,15,
Ecuador,ECU,sp, , , , , , , , , , , , , , , , , , , , , , , , , , , , , , , , ,18,19,19,19,19,19,19,18, ,19,18,18,17,17,16,17,17,18,
Ecuador,ECU,mdy, , , , , , , , , , , , , , , , , , , , , , , , , , , , , , , , , ,19,19,19,18,18,18,19,21,20,20,19,18,18,17,17,17,17,
Ecuador,ECU,fitch, , , , , , , , , , , , , , , , , , , , , , , , , , , , , , , , , , ,19,19,18,18,18,20, ,20,18,18,18,17,17,17,17,17,
Egypt,EGY,sp, , , , , , , , , , , , , , , , , , , , , , , , , , , , , ,12,12,12,12,12,13,13,13,13,13,13,13,13,13,16,18,18,18,18,18,18,
Egypt,EGY,mdy, , , , , , , , , , , , , , , , , , , , , , , , , , , , , , , ,11,11,11,11,11,11,11,11,11,11,11,11,16,16,18,18,17,17,17,
Egypt,EGY,fitch, , , , , , , , , , , , , , , , , , , , , , , , , , , , , ,12,12,12,12,12,13,13,13,13,13,13,13,13,13,15,16,18,17,17,17,17,
El Salvador,SLV,sp, , , , , , , , , , , , , , , , , , , , , , , , , , , , ,14,14,14,13,13,13,13,13,13,13,13,13,13,14,14,15,15,15,16,16,18,19,
El Salvador,SLV,mdy, , , , , , , , , , , , , , , , , , , , , , , , , , , , , , ,10,10,10,10,10,10,10,10,10,10,10,11,11,12,13,13,13,13,17,18,
El Salvador,SLV,fitch, , , , , , , , , , , , , , , , , , , , , , , , , , , , ,14,14,13,13,13,13,13,13,13,13,13,13,13,14,14,14,14,15,15,16,16,18,
Equatorial Guinea,GNQ,sp, , , , , , , , , , , , , , , , , , , , , , , , , , , , , , , , , , , , , , , , , , , , , , , , , , ,
Equatorial Guinea,GNQ,mdy, , , , , , , , , , , , , , , , , , , , , , , , , , , , , , , , , , , , , , , , , , , , , , , , , , ,
Equatorial Guinea,GNQ,fitch, , , , , , , , , , , , , , , , , , , , , , , , , , , , , , , , , , , , , , , , , , , , , , , , , , ,
Eritrea,ERI,sp, , , , , , , , , , , , , , , , , , , , , , , , , , , , , , , , , , , , , , , , , , , , , , , , , , ,
Eritrea,ERI,mdy, , , , , , , , , , , , , , , , , , , , , , , , , , , , , , , , , , , , , , , , , , , , , , , , , , ,
Eritrea,ERI,fitch, , , , , , , , , , , , , , , , , , , , , , , , , , , , , , , , , , , , , , , , , , , , , , , , , , ,
Estonia,EST,sp, , , , , , , , , , , , , , , , , , , , , , , , , , , , , ,10,10,10,10,9,9,9,8,8,8,8,8,9,8,6,6,6,6,6,6,6,
Estonia,EST,mdy, , , , , , , , , , , , , , , , , , , , , , , , , , , , , , , ,8,8,8,5,5,5,5,5,5,5,5,5,5,5,5,5,5,5,5,
Estonia,EST,fitch, , , , , , , , , , , , , , , , , , , , , , , , , , , , , ,11,11,11,10,9,9,9,8,8,8,8,9,10,8,7,7,7,7,7,7,7,
Ethiopia,ETH,sp, , , , , , , , , , , , , , , , , , , , , , , , , , , , , , , , , , , , , , , , , , , , , , ,17,17,17,17,
Ethiopia,ETH,mdy, , , , , , , , , , , , , , , , , , , , , , , , , , , , , , , , , , , , , , , , , , , , , , ,15,15,15,15,
Ethiopia,ETH,fitch, , , , , , , , , , , , , , , , , , , , , , , , , , , , , , , , , , , , , , , , , , , , , , ,17,17,17,17,
Faroe Islands,FRO,sp, , , , , , , , , , , , , , , , , , , , , , , , , , , , , , , , , , , , , , , , , , , , , , , , , , ,
Faroe Islands,FRO,mdy, , , , , , , , , , , , , , , , , , , , , , , , , , , , , , , , , , , , , , , , ,3,3,3,4,4,4,4,4,4,4,
Faroe Islands,FRO,fitch, , , , , , , , , , , , , , , , , , , , , , , , , , , , , , , , , , , , , , , , , , , , , , , , , , ,
Fiji,FJI,sp, , , , , , , , , , , , , , , , , , , , , , , , , , , , , , , , , , , , , , ,16,17,17,18,18,17,17,17,17,16,16,16,
Fiji,FJI,mdy, , , , , , , , , , , , , , , , , , , , , , , , , , , , , , , ,11,12,12,12,12,12,12,12,12,12,15,15,15,15,15,15,15,15,13,
Fiji,FJI,fitch, , , , , , , , , , , , , , , , , , , , , , , , , , , , , , , , , , , , , , , , , , , , , , , , , , ,
Finland,FIN,sp, , , , ,2,2,2,2,2,2,2,2,2,2,2,2,2,2,2,2,2,2,2,2,4,6,6,6,5,5,5,4,4,4,2,2,2,2,2,2,2,2,2,2,2,2,4,4,4,4,
Finland,FIN,mdy, , , , , , , , , , , , , , , , , , ,1,1,1,1,2,2,3,3,3,3,3,2,1,1,1,1,1,1,1,1,1,1,1,1,1,1,1,1,1,1,2,2,
Finland,FIN,fitch, , , , , , , , , , , , , , , , , , , , , , , , , , ,6,6,5,4,2,2,2,2,2,2,2,2,2,2,2,2,2,2,2,2,2,2,4,4,
France,FRA,sp, , , , , , , , , , , , , , , , , , , , , ,2,2,2,2,2,2,2,2,2,2,2,2,2,2,2,2,2,2,2,2,2,2,2,4,5,5,5,5,5,
France,FRA,mdy, , , , , , , , , , , , , , , , , , , , , , , , , , , , , , , , ,1,1,1,1,1,1,1,1,1,1,1,1,2,2,2,3,3,3,
France,FRA,fitch, , , , , , , , , , , , , , , , , , , , , , , , , , ,2,2,2,2,2,2,2,2,2,2,2,2,2,2,2,2,2,2,2,4,5,5,5,5,
French Polynesia,PYF,sp, , , , , , , , , , , , , , , , , , , , , , , , , , , , , , , , , , , , , , , , , , , ,13,13,13,13,13,12, ,
French Polynesia,PYF,mdy, , , , , , , , , , , , , , , , , , , , , , , , , , , , , , , , , , , , , , , , , , , , , , , , , , ,
French Polynesia,PYF,fitch, , , , , , , , , , , , , , , , , , , , , , , , , , , , , , , , , , , , , , , , , , , , , , , , , , ,
Gabon,GAB,sp, , , , , , , , , , , , , , , , , , , , , , , , , , , , , , , , , , , , , , , ,15,15,15,15,15,15,15,15,16, , ,
Gabon,GAB,mdy, , , , , , , , , , , , , , , , , , , , , , , , , , , , , , , , , , , , , , , , , , , , , , ,13,13,15,17,
Gabon,GAB,fitch, , , , , , , , , , , , , , , , , , , , , , , , , , , , , , , , , , , , , , , ,15,15,15,15,15,15,15,15,16,16,17,
"Gambia, The",GMB,sp, , , , , , , , , , , , , , , , , , , , , , , , , , , , , , , , , , , , , , , , , , , , , , , , , , ,
"Gambia, The",GMB,mdy, , , , , , , , , , , , , , , , , , , , , , , , , , , , , , , , , , , , , , , , , , , , , , , , , , ,
"Gambia, The",GMB,fitch, , , , , , , , , , , , , , , , , , , , , , , , , , , , , , , , , , , , , , , , , , , , , , , , , , ,
Georgia,GEO,sp, , , , , , , , , , , , , , , , , , , , , , , , , , , , , , , , , , , , , ,16,16,16,17,17,16,15,15,15,15,15,15,15,
Georgia,GEO,mdy, , , , , , , , , , , , , , , , , , , , , , , , , , , , , , , , , , , , , , , , , , ,13,13,13,13,13,13,13,12,
Georgia,GEO,fitch, , , , , , , , , , , , , , , , , , , , , , , , , , , , , , , , , , , , , , , ,15,16,16,16,15,15,15,15,15,15,15,
Germany,DEU,sp, , , , , , , , , , , , , , , ,2,2,2,2,2,2,2,2,2,2,2,2,2,2,2,2,2,2,2,2,2,2,2,2,2,2,2,2,2,2,2,2,2,2,2,
Germany,DEU,mdy, , , , , , , , , , , , , , , , , , , , , , , , , , , , , , , , ,1,1,1,1,1,1,1,1,1,1,1,1,1,1,1,1,1,1,
Germany,DEU,fitch, , , , , , , , , , , , , , , , , , , , , , , , , , ,2,2,2,2,2,2,2,2,2,2,2,2,2,2,2,2,2,2,2,2,2,2,2,2,
Ghana,GHA,sp, , , , , , , , , , , , , , , , , , , , , , , , , , , , , , , , , , , ,16,16,16,16,16,16,16,17,17,17,17,18,18,18,18,
Ghana,GHA,mdy, , , , , , , , , , , , , , , , , , , , , , , , , , , , , , , , , , , , , , , , , , , , ,15,15,16,17,17,17,
Ghana,GHA,fitch, , , , , , , , , , , , , , , , , , , , , , , , , , , , , , , , , , , ,17,17,16,16,16,16,16,16,16,16,17,17,17,17,17,
Gibraltar,GIB,sp, , , , , , , , , , , , , , , , , , , , , , , , , , , , , , , , , , , , , , , , , , , , , , , , , , ,
Gibraltar,GIB,mdy, , , , , , , , , , , , , , , , , , , , , , , , , , , , , , , , , , , , , , , , , , , , , , , , , , ,
Gibraltar,GIB,fitch, , , , , , , , , , , , , , , , , , , , , , , , , , , , , , , , , , , , , , , , , , , , , , , , , , ,
Greece,GRC,sp, , , , , , , , , , , , , , , , , , , , , , , , ,12,12,12,12,12,12,11,9,9,8,8,7,8,8,8,8,8,10,13,23,18,18,17,19,18,18,
Greece,GRC,mdy, , , , , , , , , , , , , , , , , , , , , , , , , , , , , , , , , ,6,5,5,5,5,5,5,5,6,11,21,22,20,18,20,20,19,
Greece,GRC,fitch, , , , , , , , , , , , , , , , , , , , , , , , , , , ,12,12,11,11,10,9,8,8,7,8,8,8,8,8,10,12,20,20,18,17,20,20,18,
Greenland,GRL,sp, , , , , , , , , , , , , , , , , , , , , , , , , , , , , , , , , , , , , , , , , , , , , , , , , , ,
Greenland,GRL,mdy, , , , , , , , , , , , , , , , , , , , , , , , , , , , , , , , , , , , , , , , , , , , , , , , , , ,
Greenland,GRL,fitch, , , , , , , , , , , , , , , , , , , , , , , , , , , , , , , , , , , , , , , , , , , , , , , , , , ,
Grenada,GRD,sp, , , , , , , , , , , , , , , , , , , , , , , , , , , , , , , , , , ,15,15, ,18,18,18,18,18,18,18,19, , , , , ,
Grenada,GRD,mdy, , , , , , , , , , , , , , , , , , , , , , , , , , , , , , , , , , , , , , , , , , , , , , , , , , ,
Grenada,GRD,fitch, , , , , , , , , , , , , , , , , , , , , , , , , , , , , , , , , , , , , , , , , , , , , , , , , , ,
Guam,GUM,sp, , , , , , , , , , , , , , , , , , , , , , , , , , , , , , , , , , , , , , , , , , , , , , , , , , ,
Guam,GUM,mdy, , , , , , , , , , , , , , , , , , , , , , , , , , , , , , , , , , , , , , , , , , , , , , , , , , ,
Guam,GUM,fitch, , , , , , , , , , , , , , , , , , , , , , , , , , , , , , , , , , , , , , , , , , , , , , , , , , ,
Guatemala,GTM,sp, , , , , , , , , , , , , , , , , , , , , , , , , , , , , , , , , ,14,14,15,15,15,14,14,14,14,14,14,14,14,14,14,14,15,
Guatemala,GTM,mdy, , , , , , , , , , , , , , , , , , , , , , , , , , , , , , , , , , ,12,12,12,12,12,12,12,12,11,11,11,11,11,11,11,11,
Guatemala,GTM,fitch, , , , , , , , , , , , , , , , , , , , , , , , , , , , , , , , , , , , , , ,13,13,13,13,13,13,13,13,14,14,14,14,
Guinea,GIN,sp, , , , , , , , , , , , , , , , , , , , , , , , , , , , , , , , , , , , , , , , , , , , , , , , , , ,
Guinea,GIN,mdy, , , , , , , , , , , , , , , , , , , , , , , , , , , , , , , , , , , , , , , , , , , , , , , , , , ,
Guinea,GIN,fitch, , , , , , , , , , , , , , , , , , , , , , , , , , , , , , , , , , , , , , , , , , , , , , , , , , ,
Guinea-Bissau,GNB,sp, , , , , , , , , , , , , , , , , , , , , , , , , , , , , , , , , , , , , , , , , , , , , , , , , , ,
Guinea-Bissau,GNB,mdy, , , , , , , , , , , , , , , , , , , , , , , , , , , , , , , , , , , , , , , , , , , , , , , , , , ,
Guinea-Bissau,GNB,fitch, , , , , , , , , , , , , , , , , , , , , , , , , , , , , , , , , , , , , , , , , , , , , , , , , , ,
Guyana,GUY,sp, , , , , , , , , , , , , , , , , , , , , , , , , , , , , , , , , , , , , , , , , , , , , , , , , , ,
Guyana,GUY,mdy, , , , , , , , , , , , , , , , , , , , , , , , , , , , , , , , , , , , , , , , , , , , , , , , , , ,
Guyana,GUY,fitch, , , , , , , , , , , , , , , , , , , , , , , , , , , , , , , , , , , , , , , , , , , , , , , , , , ,
Haiti,HTI,sp, , , , , , , , , , , , , , , , , , , , , , , , , , , , , , , , , , , , , , , , , , , , , , , , , , ,
Haiti,HTI,mdy, , , , , , , , , , , , , , , , , , , , , , , , , , , , , , , , , , , , , , , , , , , , , , , , , , ,
Haiti,HTI,fitch, , , , , , , , , , , , , , , , , , , , , , , , , , , , , , , , , , , , , , , , , , , , , , , , , , ,
Honduras,HND,sp, , , , , , , , , , , , , , , , , , , , , , , , , , , , , , , , , , , , , , , , ,16,17,17,17,16,17,17,16,16,15,
Honduras,HND,mdy, , , , , , , , , , , , , , , , , , , , , , , , , , , , , , ,16,16,16,16,16,16,16,16,16,16,16,16,16,16,16,16,17,17,16,15,
Honduras,HND,fitch, , , , , , , , , , , , , , , , , , , , , , , , , , , , , , , , , , , , , , , , , , , , , , , , , , ,
"Hong Kong SAR, China",HKG,sp, , , , , , , , , , , , , , , , , , , , , , , , ,8,8,8,8,8,7,8,8,8,7,7,7,7,6,5,5,4,4,2,2,2,2,2,2,2,4,
"Hong Kong SAR, China",HKG,mdy, , , , , , , , , , , , , , , , , , , , , , , , , , , , , , , ,7,7,7,7,5,5,5,4,3,3,3,2,2,2,2,2,2,2,3,
"Hong Kong SAR, China",HKG,fitch, , , , , , , , , , , , , , , , , , , , , , , , , , ,6,7,7,7,7,7,7,6,6,6,6,6,6,5,5,5,4,4,4,4,4,4,4,4,
Hungary,HUN,sp, , , , , , , , , , , , , , , , , , , , , , , , ,13,13,13,13,12,12,11,11,9,9,9,9,9,9,10,10,11,12,12,13,14,14,14,13,12,12,
Hungary,HUN,mdy, , , , , , , , , , , , , , , , , , , , , , , , , , , , , , , , , ,5,5,5,5,5,6,6,7,8,10,11,11,11,11,11,10,10,
Hungary,HUN,fitch, , , , , , , , , , , , , , , , , , , , , , , , , , , , ,12,11,11,10,9,9,9,9,9,10,10,10,11,11,12,12,13,13,13,13,12,12,
Iceland,ISL,sp, , , , , , , , , , , , , , , , , , , , , , , , ,8,8,8,8,7,7,7,7,7,7,7,7,7,6,7,7,12,12,12,12,12,12,12,11,10,8,
Iceland,ISL,mdy, , , , , , , , , , , , , , , , , , , , , , , , , , , , , , , , , ,4,1,1,1,1,1,1,8,10,10,10,10,10,10,9,7,7,
Iceland,ISL,fitch, , , , , , , , , , , , , , , , , , , , , , , , , , , , , , , , ,6,6,6,6,6,6,6,7,12,12,13,13,12,11,11,10,10,8,
India,IND,sp, , , , , , , , , , , , , , , , , , , , , , , , ,13,13,13,13,13,13,14,14,14,14,14,14,14,13,13,12,12,12,12,12,12,12,12,12,12,12,
India,IND,mdy, , , , , , , , , , , , , , , , , , , , , , , , , , , , , , , ,12,12,12,12,11,10,10,10,10,10,10,10,10,10,10,10,10,10,9,
India,IND,fitch, , , , , , , , , , , , , , , , , , , , , , , , , , , , , , , , ,13,14,14,14,13,13,12,12,12,12,12,12,12,12,12,12,12,12,
Indonesia,IDN,sp, , , , , , , , , , , , , , , , , , , , , , , , ,12,12,12,11,11,13,19,19,18,20,19,17,16,16,15,15,15,15,14,13,13,13,13,13,13,12,
Indonesia,IDN,mdy, , , , , , , , , , , , , , , , , , , , , , , , , , , , , , , , , ,17,17,16,16,16,15,13,13,12,12,11,10,10,10,10,10,10,
Indonesia,IDN,fitch, , , , , , , , , , , , , , , , , , , , , , , , , , , , , ,13,18,18,18,18,17,16,16,15,15,15,14,14,13,12,12,12,12,12,12,11,
"Iran, Islamic Rep.",IRN,sp, , , , , , , , , , , , , , , , , , , , , , , , , , , , , , , , , , , , , , , , , , , , , , , , , , ,
"Iran, Islamic Rep.",IRN,mdy, , , , , , , , , , , , , , , , , , , , , , , , , , , , , , , , , , , , , , , , , , , , , , , , , , ,
"Iran, Islamic Rep.",IRN,fitch, , , , , , , , , , , , , , , , , , , , , , , , , , , , , , , , , , ,16,16,16,16,16,16, , , , , , , , , , ,
Iraq,IRQ,sp, , , , , , , , , , , , , , , , , , , , , , , , , , , , , , , , , , , , , , , , , , , , , , , ,18,18,18,
Iraq,IRQ,mdy, , , , , , , , , , , , , , , , , , , , , , , , , , , , , , , , , , , , , , , , , , , , , , , , , ,18,
Iraq,IRQ,fitch, , , , , , , , , , , , , , , , , , , , , , , , , , , , , , , , , , , , , , , , , , , , , , , ,18,18,18,
Ireland,IRL,sp, , , , , , , , , , , , , , , , , , , , , , , , , , , , , , , , , ,2,2,2,2,2,2,2,2,5,8,10,10,10,8,7,7,7,
Ireland,IRL,mdy, , , , , , , , , , , , , , , , , , , , , , , , , , , , , , , , , ,1,1,1,1,1,1,1,1,2,8,11,11,11,8,8,7,6,
Ireland,IRL,fitch, , , , , , , , , , , , , , , , , , , , , , , , , , ,4,4,4,4,2,2,2,2,2,2,2,2,2,2,2,6,10,10,10,10,9,9,8,7,
Isle of Man,IMN,sp, , , , , , , , , , , , , , , , , , , , , , , , , , , , , , , , ,2,2,2,2,2,2,2,2,2,2,2,4,4,4, , , , ,
Isle of Man,IMN,mdy, , , , , , , , , , , , , , , , , , , , , , , , , , , , , , , , , , , ,1,1,1,1,1,1,1,1,1,1,2,2,2,2,3,
Isle of Man,IMN,fitch, , , , , , , , , , , , , , , , , , , , , , , , , , , , , , , , , , , , , , , , , , , , , , , , , , ,
Israel,ISR,sp, , , , , , , , , , , , , , , , , , , , , , , , ,12,10,10,9,9,9,9,9,9,9,9,9,9,9,9,8,8,8,8,7,7,7,7,7,7,7,
Israel,ISR,mdy, , , , , , , , , , , , , , , , , , , , , , , , , , , , , , , , , ,6,6,6,6,6,6,6,5,5,5,5,5,5,5,5,5,5,
Israel,ISR,fitch, , , , , , , , , , , , , , , , , , , , , , , , , , , ,9,9,9,9,9,9,9,9,9,9,9,9,9,8,8,8,8,8,8,8,8,7,7,
Italy,ITA,sp, , , , , , , , , , , , , , , , , , , , , , , , ,4,5,5,5,5,5,5,5,5,5,5,5,6,6,7,7,7,7,7,8,11,11,12,12,12,11,
Italy,ITA,mdy, , , , , , , , , , , , , , , , , , , , , , , , , , , , , , , , , ,4,3,3,3,3,3,3,3,3,3,6,9,9,9,9,9,9,
Italy,ITA,fitch, , , , , , , , , , , , , , , , , , , , , , , , , , ,5,6,6,6,6,6,6,6,5,5,5,5,6,6,6,6,6,7,9,10,10,10,10,11,
Jamaica,JAM,sp, , , , , , , , , , , , , , , , , , , , , , , , , , , , , , , ,17,17,16,16,17,17,17,17,17,17,20,18,18,18,18,18,17,17,17,
Jamaica,JAM,mdy, , , , , , , , , , , , , , , , , , , , , , , , , , , , , , , , , ,13,13,15,15,15,15,15,15,18,17,17,17,20,20,19,17,17,
Jamaica,JAM,fitch, , , , , , , , , , , , , , , , , , , , , , , , , , , , , , , , , , , , , , ,16,16,17,20,18,18,18,20,18,18,17,17,
Japan,JPN,sp, , , , , , , ,2,2,2,2,2,2,2,2,2,2,2,2,2,2,2,2,2,2,2,2,2,2,2,2,2,2,5,6,6,6,6,6,5,5,5,5,6,6,6,6,7,7,7,
Japan,JPN,mdy, , , , , , , , , , , , , , , , , , , , , , , , , , , , , , , , , , ,2,2,1,1,1,1,1,3,3,4,4,4,5,5,5,5,
Japan,JPN,fitch, , , , , , , , , , , , , , , , , , , , , , , , , , ,2,2,2,2,4,4,4,5,5,5,5,5,5,5,5,5,5,5,7,7,7,8,8,8,
Jordan,JOR,sp, , , , , , , , , , , , , , , , , , , , , , , , , , , ,16,15,15,15,15,15,15,15,14,14,14,14,14,14,14,14,14,14,15,15,15,15,16,
Jordan,JOR,mdy, , , , , , , , , , , , , , , , , , , , , , , , , , , , , , , , , ,13,13,12,12,12,12,12,12,12,12,12,12,15,15,15,15,15,
Jordan,JOR,fitch, , , , , , , , , , , , , , , , , , , , , , , , , , , , , , , , , , , , , , , , , , , , , , , , , , ,
Kazakhstan,KAZ,sp, , , , , , , , , , , , , , , , , , , , , , , , , , , , ,15,15,16,16,15,14,14,13,12,12,11,12,12,12,11,10,10,10,10,11,12,12,
Kazakhstan,KAZ,mdy, , , , , , , , , , , , , , , , , , , , , , , , , , , , , , , , , ,11,10,10,10,10,9,9,9,9,9,9,9,9,9,9,10,10,
Kazakhstan,KAZ,fitch, , , , , , , , , , , , , , , , , , , , , , , , , , , , ,15,15,14,15,15,14,13,13,12,11,11,11,12,12,12,11,10,10,10,10,11,11,
Kenya,KEN,sp, , , , , , , , , , , , , , , , , , , , , , , , , , , , , , , , , , , , , , ,16,16,17,17,16,16,16,16,16,16,16,16,
Kenya,KEN,mdy, , , , , , , , , , , , , , , , , , , , , , , , , , , , , , , , , , , , , , , , , , , , ,15,15,15,15,15,15,
Kenya,KEN,fitch, , , , , , , , , , , , , , , , , , , , , , , , , , , , , , , , , , , , , , , ,16,16,16,16,16,16,16,16,16,16,16,
Kiribati,KIR,sp, , , , , , , , , , , , , , , , , , , , , , , , , , , , , , , , , , , , , , , , , , , , , , , , , , ,
Kiribati,KIR,mdy, , , , , , , , , , , , , , , , , , , , , , , , , , , , , , , , , , , , , , , , , , , , , , , , , , ,
Kiribati,KIR,fitch, , , , , , , , , , , , , , , , , , , , , , , , , , , , , , , , , , , , , , , , , , , , , , , , , , ,
"Korea, Dem. People’s Rep.",PRK,sp, , , , , , , , , , , , , , , , , , , , , , , , , , , , , , , , , , , , , , , , , , , , , , , , , , ,
"Korea, Dem. People’s Rep.",PRK,mdy, , , , , , , , , , , , , , , , , , , , , , , , , , , , , , , , , , , , , , , , , , , , , , , , , , ,
"Korea, Dem. People’s Rep.",PRK,fitch, , , , , , , , , , , , , , , , , , , , , , , , , , , , , , , , , , , , , , , , , , , , , , , , , , ,
"Korea, Rep.",KOR,sp, , , , , , , , , , , , , , , , , , , , ,7,7,7,7,7,7,7,6,6,16,13,11,11,10,9,9,9,8,8,8,8,8,8,8,7,7,7,6,5,5,
"Korea, Rep.",KOR,mdy, , , , , , , , , , , , , , , , , , , , , , , , , , , , , ,11,11,9,9,9,7,7,7,7,7,6,6,6,5,5,4,4,4,3,3,3,
"Korea, Rep.",KOR,fitch, , , , , , , , , , , , , , , , , , , , , , , , , , , , ,6,18,13,11,10,10,8,8,8,7,7,7,7,7,7,7,6,6,6,6,6,6,
Kosovo,XKX,sp, , , , , , , , , , , , , , , , , , , , , , , , , , , , , , , , , , , , , , , , , , , , , , , , , , ,
Kosovo,XKX,mdy, , , , , , , , , , , , , , , , , , , , , , , , , , , , , , , , , , , , , , , , , , , , , , , , , , ,
Kosovo,XKX,fitch, , , , , , , , , , , , , , , , , , , , , , , , , , , , , , , , , , , , , , , , , , , , , , , , , , ,
Kuwait,KWT,sp, , , , , , , , , , , , , , , , , , , , , , , , , , , , , ,8,8,8,8,8,7,7,7,7,7,6,6,6,6,5,5,5,5,5,5,5,
Kuwait,KWT,mdy, , , , , , , , , , , , , , , , , , , , , , , , , , , , , , , ,8,8,8,6,6,6,6,4,3,3,3,3,3,3,3,3,3,3,3,
Kuwait,KWT,fitch, , , , , , , , , , , , , , , , , , , , , , , , , , , ,8,8,8,8,8,8,7,6,6,6,6,6,6,5,5,5,5,5,5,5,5,5,5,
Kyrgyz Republic,KGZ,sp, , , , , , , , , , , , , , , , , , , , , , , , , , , , , , , , , , , , , , , , , , , , , , , ,17, , ,
Kyrgyz Republic,KGZ,mdy, , , , , , , , , , , , , , , , , , , , , , , , , , , , , , , , , , , , , , , , , , , , , , , ,16,16,16,
Kyrgyz Republic,KGZ,fitch, , , , , , , , , , , , , , , , , , , , , , , , , , , , , , , , , , , , , , , , , , , , , , , , , , ,
Lao PDR,LAO,sp, , , , , , , , , , , , , , , , , , , , , , , , , , , , , , , , , , , , , , , , , , , , , , , , , , ,
Lao PDR,LAO,mdy, , , , , , , , , , , , , , , , , , , , , , , , , , , , , , , , , , , , , , , , , , , , , , , , , , ,
Lao PDR,LAO,fitch, , , , , , , , , , , , , , , , , , , , , , , , , , , , , , , , , , , , , , , , , , , , , , , , , , ,
Latvia,LVA,sp, , , , , , , , , , , , , , , , , , , , , , , , , , , , , ,11,11,11,11,11,10,10,9,9,9,10,12,14,13,13,11,10,9,9,9,9,
Latvia,LVA,mdy, , , , , , , , , , , , , , , , , , , , , , , , , , , , , , , , , ,9,6,6,6,6,6,6,7,10,10,10,10,9,8,7,7,7,
Latvia,LVA,fitch, , , , , , , , , , , , , , , , , , , , , , , , , , , , , , ,11,11,11,11,11,10,9,9,9,10,12,13,13,12,11,10,9,9,9,9,
Lebanon,LBN,sp, , , , , , , , , , , , , , , , , , , , , , , , , , , , , ,15,15,15,16,17,18,18,18,18,18,18,18,17,17,17,17,18,18,18,18,18,
Lebanon,LBN,mdy, , , , , , , , , , , , , , , , , , , , , , , , , , , , , , , , , ,16,16,16,16,17,17,17,17,16,15,15,15,15,16,16,16,17,
Lebanon,LBN,fitch, , , , , , , , , , , , , , , , , , , , , , , , , , , , , ,14,15,15,15,18,18,18,18,18,18,18,18,18,17,17,17,17,17,17,18,18,
Lesotho,LSO,sp, , , , , , , , , , , , , , , , , , , , , , , , , , , , , , , , , , , , , , , , , , , , , , , , , , ,
Lesotho,LSO,mdy, , , , , , , , , , , , , , , , , , , , , , , , , , , , , , , , , , , , , , , , , , , , , , , , , , ,
Lesotho,LSO,fitch, , , , , , , , , , , , , , , , , , , , , , , , , , , , , , , , , , ,16,16,15,15,15,15,15,15,15,15,15,15,15,15,16,16,
Liberia,LBR,sp, , , , , , , , , , , , , , , , , , , , , , , , , , , , , , , , , , , , , , , , , , , , , , , , , , ,
Liberia,LBR,mdy, , , , , , , , , , , , , , , , , , , , , , , , , , , , , , , , , , , , , , , , , , , , , , , , , , ,
Liberia,LBR,fitch, , , , , , , , , , , , , , , , , , , , , , , , , , , , , , , , , , , , , , , , , , , , , , , , , , ,
Libya,LBY,sp, , , , , , , , , , , , , , , , , , , , , , , , , , , , , , , , , , , , , , , , , ,9,9, , , , , , , ,
Libya,LBY,mdy, , , , , , , , , , , , , , , , , , , , , , , , , , , , , , , , , , , , , , , , , , , , , , , , , , ,
Libya,LBY,fitch, , , , , , , , , , , , , , , , , , , , , , , , , , , , , , , , , , , , , , , , , ,10,10, , , , , , , ,
Liechtenstein,LIE,sp, , , , , , , , , , , , , , , , , , , , , , , , , , , , ,2,2,2,2,2,2,2,2,2,2,2,2,2,2,2,2,2,2,2,2,2,2,
Liechtenstein,LIE,mdy, , , , , , , , , , , , , , , , , , , , , , , , , , , , , , , , , , , , , , , , , , , , , , , , , , ,
Liechtenstein,LIE,fitch, , , , , , , , , , , , , , , , , , , , , , , , , , , , , , , , , , , , , , , , , , , , , , , , , , ,
Lithuania,LTU,sp, , , , , , , , , , , , , , , , , , , , , , , , , , , , , ,12,12,12,12,12,11,10,9,8,8,8,10,11,11,11,11,11,9,9,9,9,
Lithuania,LTU,mdy, , , , , , , , , , , , , , , , , , , , , , , , , , , , , , , , , ,11,8,7,7,7,6,6,6,8,8,8,8,8,8,7,7,7,
Lithuania,LTU,fitch, , , , , , , , , , , , , , , , , , , , , , , , , , , , , ,13,13,13,13,12,11,11,9,9,8,8,10,11,11,11,11,10,9,9,9,9,
Luxembourg,LUX,sp, , , , , , , , , , , , , , , , , , , , , , , , , , ,2,2,2,2,2,2,2,2,2,2,2,2,2,2,2,2,2,2,2,2,2,2,2,2,
Luxembourg,LUX,mdy, , , , , , , , , , , , , , , , , , , , , ,1,1,1,1,1,1,1,1,1,1,1,1,1,1,1,1,1,1,1,1,1,1,1,1,1,1,1,1,1,
Luxembourg,LUX,fitch, , , , , , , , , , , , , , , , , , , , , , , , , , ,2,2,2,2,2,2,2,2,2,2,2,2,2,2,2,2,2,2,2,2,2,2,2,2,
"Macao SAR, China",MAC,sp, , , , , , , , , , , , , , , , , , , , , , , , , , , , , , , , , , , , , , , , , , , , , , , , , , ,
"Macao SAR, China",MAC,mdy, , , , , , , , , , , , , , , , , , , , , , , , , , , , , , , ,8,8,8,8,5,5,5,5,4,4,4,4,4,4,4,3,3,4,4,
"Macao SAR, China",MAC,fitch, , , , , , , , , , , , , , , , , , , , , , , , , , , , , , , , , , , , , , , , , , , , , ,6,6,6,6,6,
"Macedonia, FYR",MKD,sp, , , , , , , , , , , , , , , , , , , , , , , , , , , , , , , , , , , , , ,13,13,12,12,14,14,14,14,15,15,15,15,15,
"Macedonia, FYR",MKD,mdy, , , , , , , , , , , , , , , , , , , , , , , , , , , , , , , , , , , , , , , , , , , , , , , , , , ,
"Macedonia, FYR",MKD,fitch, , , , , , , , , , , , , , , , , , , , , , , , , , , , , , , , , , , , , ,14,13,13,13,13,13,13,13,13,13,13,14,14,
Madagascar,MDG,sp, , , , , , , , , , , , , , , , , , , , , , , , , , , , , , , , , , , , , , , , , , , , , , , , , , ,
Madagascar,MDG,mdy, , , , , , , , , , , , , , , , , , , , , , , , , , , , , , , , , , , , , , , , , , , , , , , , , , ,
Madagascar,MDG,fitch, , , , , , , , , , , , , , , , , , , , , , , , , , , , , , , , , , , , , , , , , , , , , , , , , , ,
Malawi,MWI,sp, , , , , , , , , , , , , , , , , , , , , , , , , , , , , , , , , , , , , , , , , , , , , , , , , , ,
Malawi,MWI,mdy, , , , , , , , , , , , , , , , , , , , , , , , , , , , , , , , , , , , , , , , , , , , , , , , , , ,
Malawi,MWI,fitch, , , , , , , , , , , , , , , , , , , , , , , , , , , , , , , , , , , , , , , , , , , , , , , , , , ,
Malaysia,MYS,sp, , , , , , , , , , , , , , , , , , , , , , ,9,9,9,9,7,7,7,8,12,11,11,11,10,9,9,9,9,9,9,9,9,9,9,9,9,9,9,9,
Malaysia,MYS,mdy, , , , , , , , , , , , , , , , , , , , , , , , , , , , , , , , , ,9,8,8,7,7,7,7,7,7,7,7,7,7,7,7,7,7,
Malaysia,MYS,fitch, , , , , , , , , , , , , , , , , , , , , , , , , , , , , , , , , , , , , ,9,9,9,9,9,9,9,9,9,9,9,9,9,
Maldives,MDV,sp, , , , , , , , , , , , , , , , , , , , , , , , , , , , , , , , , , , , , , , , , , , , , , , , , , ,
Maldives,MDV,mdy, , , , , , , , , , , , , , , , , , , , , , , , , , , , , , , , , , , , , , , , , , , , , , , , ,16,16,
Maldives,MDV,fitch, , , , , , , , , , , , , , , , , , , , , , , , , , , , , , , , , , , , , , , , , , , , , , , , , ,16,
Mali,MLI,sp, , , , , , , , , , , , , , , , , , , , , , , , , , , , , , , , , , , , ,17,17,17,17, , , , , , , , , , ,
Mali,MLI,mdy, , , , , , , , , , , , , , , , , , , , , , , , , , , , , , , , , , , , , , , , , , , , , , , , , , ,
Mali,MLI,fitch, , , , , , , , , , , , , , , , , , , , , , , , , , , , , , , , , , , , , ,18,18,18,18, , , , , , , , , ,
Malta,MLT,sp, , , , , , , , , , , , , , , , , , , , , , , , , , ,8,8,7,7,7,8,8,8,8,8,8,8,8,8,8,8,8,8,9,10,10,10,9,9,
Malta,MLT,mdy, , , , , , , , , , , , , , , , , , , , , , , , , , , , , , , , ,7,7,7,7,7,7,7,6,5,5,5,6,7,7,7,7,7,7,
Malta,MLT,fitch, , , , , , , , , , , , , , , , , , , , , , , , , , , , ,8,8,8,8,8,8,8,8,8,8,8,7,7,7,7,7,7,8,8,8,8,7,
Marshall Islands,MHL,sp, , , , , , , , , , , , , , , , , , , , , , , , , , , , , , , , , , , , , , , , , , , , , , , , , , ,
Marshall Islands,MHL,mdy, , , , , , , , , , , , , , , , , , , , , , , , , , , , , , , , , , , , , , , , , , , , , , , , , , ,
Marshall Islands,MHL,fitch, , , , , , , , , , , , , , , , , , , , , , , , , , , , , , , , , , , , , , , , , , , , , , , , , , ,
Mauritania,MRT,sp, , , , , , , , , , , , , , , , , , , , , , , , , , , , , , , , , , , , , , , , , , , , , , , , , , ,
Mauritania,MRT,mdy, , , , , , , , , , , , , , , , , , , , , , , , , , , , , , , , , , , , , , , , , , , , , , , , , , ,
Mauritania,MRT,fitch, , , , , , , , , , , , , , , , , , , , , , , , , , , , , , , , , , , , , , , , , , , , , , , , , , ,
Mauritius,MUS,sp, , , , , , , , , , , , , , , , , , , , , , , , , , , , , , , , , , , , , , , , , , , , , , , , , , ,
Mauritius,MUS,mdy, , , , , , , , , , , , , , , , , , , , , , , , , , , , , , , , ,9,9,9,9,9,9,9,9,9,9,9,9,8,8,8,8,8,8,
Mauritius,MUS,fitch, , , , , , , , , , , , , , , , , , , , , , , , , , , , , , , , , , , , , , , , , , , , , , , , , , ,
Mexico,MEX,sp, , , , , , , , , , , , , , , , , , , , , , , , ,13,13,13,14,14,14,14,14,13,13,12,12,12,11,11,10,10,11,11,11,11,10,10,10,10,10,
Mexico,MEX,mdy, , , , , , , , , , , , , , , , , , , , , , , , , , , , , , , , , , , , , ,8,8,8,8,8,8,8,8,8,7,7,7,7,
Mexico,MEX,fitch, , , , , , , , , , , , , , , , , , , , , , , , , , , ,14,14,14,14,14,13,13,12,12,12,11,11,10,10,11,11,11,11,10,10,10,10,10,
"Micronesia, Fed. Sts.",FSM,sp, , , , , , , , , , , , , , , , , , , , , , , , , , , , , , , , , , , , , , , , , , , , , , , , , , ,
"Micronesia, Fed. Sts.",FSM,mdy, , , , , , , , , , , , , , , , , , , , , , , , , , , , , , , , , , , , , , , , , , , , , , , , , , ,
"Micronesia, Fed. Sts.",FSM,fitch, , , , , , , , , , , , , , , , , , , , , , , , , , , , , , , , , , , , , , , , , , , , , , , , , , ,
Moldova,MDA,sp, , , , , , , , , , , , , , , , , , , , , , , , , , , , , , , , , , , , , , , , , , , , , , , , , , ,
Moldova,MDA,mdy, , , , , , , , , , , , , , , , , , , , , , , , , , , , , ,12,16,16,17,18,21,18,18,18,18,18,18, ,17,17,17,17,17,17,17,17,
Moldova,MDA,fitch, , , , , , , , , , , , , , , , , , , , , , , , , , , , , , ,17,18,18,23,29,18,18,18,18,18,18, , , , , , , , , ,
Monaco,MCO,sp, , , , , , , , , , , , , , , , , , , , , , , , , , , , , , , , , , , , , , , , , , , , , , , , , , ,
Monaco,MCO,mdy, , , , , , , , , , , , , , , , , , , , , , , , , , , , , , , , , , , , , , , , , , , , , , , , , , ,
Monaco,MCO,fitch, , , , , , , , , , , , , , , , , , , , , , , , , , , , , , , , , , , , , , , , , , , , , , , , , , ,
Mongolia,MNG,sp, , , , , , , , , , , , , , , , , , , , , , , , , , , , , , , ,17,17,17,17,17,17,17,16,15,15,15,15,15,15,15,16,17,18,18,
Mongolia,MNG,mdy, , , , , , , , , , , , , , , , , , , , , , , , , , , , , , , , , , , , , ,15,15,15,15,15,15,15,15,15,16,16,18,18,
Mongolia,MNG,fitch, , , , , , , , , , , , , , , , , , , , , , , , , , , , , , , , , , , , , ,16,16,16,16,17,16,16,16,16,16,17,18,18,
Montenegro,MNE,sp, , , , , , , , , , , , , , , , , , , , , , , , , , , , , , , , , , , , ,14,14,14,13,13,13,14,14,15,15,16,16,16,16,
Montenegro,MNE,mdy, , , , , , , , , , , , , , , , , , , , , , , , , , , , , , , , , , , , , , , , ,12,13,13,13,13,13,13,13,15,15,
Montenegro,MNE,fitch, , , , , , , , , , , , , , , , , , , , , , , , , , , , , , , , , , , , , , , , , , , , , , , , , , ,
Morocco,MAR,sp, , , , , , , , , , , , , , , , , , , , , , , , , , , , , , ,14,14,14,14,14,14,14,13,13,13,13,13,12,12,12,12,12,12,12,12,
Morocco,MAR,mdy, , , , , , , , , , , , , , , , , , , , , , , , , , , , , , , ,11,11,11,11,11,11,11,11,11,11,11,11,11,11,11,11,11,11,11,
Morocco,MAR,fitch, , , , , , , , , , , , , , , , , , , , , , , , , , , , , , , , , , , , , , , ,12,12,12,12,12,12,12,12,12,12,12,
Mozambique,MOZ,sp, , , , , , , , , , , , , , , , , , , , , , , , , , , , , , , , , , , , ,17,17,17,16,16,16,16,16,16,16,17,18,23, ,
Mozambique,MOZ,mdy, , , , , , , , , , , , , , , , , , , , , , , , , , , , , , , , , , , , , , , , , , , , , ,15,15,16,20,20,
Mozambique,MOZ,fitch, , , , , , , , , , , , , , , , , , , , , , , , , , , , , , , , , , , ,17,17,17,17,17,17,17,17,17,17,16,16,17, , ,
Myanmar,MMR,sp, , , , , , , , , , , , , , , , , , , , , , , , , , , , , , , , , , , , , , , , , , , , , , , , , , ,
Myanmar,MMR,mdy, , , , , , , , , , , , , , , , , , , , , , , , , , , , , , , , , , , , , , , , , , , , , , , , , , ,
Myanmar,MMR,fitch, , , , , , , , , , , , , , , , , , , , , , , , , , , , , , , , , , , , , , , , , , , , , , , , , , ,
Namibia,NAM,sp, , , , , , , , , , , , , , , , , , , , , , , , , , , , , , , , , , , , , , , , , , , , , , , , , , ,
Namibia,NAM,mdy, , , , , , , , , , , , , , , , , , , , , , , , , , , , , , , , , , , , , , , , , , , ,10,10,10,10,10,10,11,
Namibia,NAM,fitch, , , , , , , , , , , , , , , , , , , , , , , , , , , , , , , , , , , , , ,12,12,12,12,12,12,12,12,12,12,12,12,13,
Nauru,NRU,sp, , , , , , , , , , , , , , , , , , , , , , , , , , , , , , , , , , , , , , , , , , , , , , , , , , ,
Nauru,NRU,mdy, , , , , , , , , , , , , , , , , , , , , , , , , , , , , , , , , , , , , , , , , , , , , , , , , , ,
Nauru,NRU,fitch, , , , , , , , , , , , , , , , , , , , , , , , , , , , , , , , , , , , , , , , , , , , , , , , , , ,
Nepal,NPL,sp, , , , , , , , , , , , , , , , , , , , , , , , , , , , , , , , , , , , , , , , , , , , , , , , , , ,
Nepal,NPL,mdy, , , , , , , , , , , , , , , , , , , , , , , , , , , , , , , , , , , , , , , , , , , , , , , , , , ,
Nepal,NPL,fitch, , , , , , , , , , , , , , , , , , , , , , , , , , , , , , , , , , , , , , , , , , , , , , , , , , ,
Netherlands,NLD,sp, , , , , , , , , , , , , , , , , , , , , , , , ,2,2,2,2,2,2,2,2,2,2,2,2,2,2,2,2,2,2,2,2,2,4,4,2,2,2,
Netherlands,NLD,mdy, , , , , , , , , , , , , , , , , , , , , , , , , , , , , , , ,1,1,1,1,1,1,1,1,1,1,1,1,1,1,1,1,1,1,1,
Netherlands,NLD,fitch, , , , , , , , , , , , , , , , , , , , , , , , , , ,2,2,2,2,2,2,2,2,2,2,2,2,2,2,2,2,2,2,2,2,2,2,2,2,
New Caledonia,NCL,sp, , , , , , , , , , , , , , , , , , , , , , , , , , , , , , , , , , , , , , , , , , , , , , , , , , ,
New Caledonia,NCL,mdy, , , , , , , , , , , , , , , , , , , , , , , , , , , , , , , , , , , , , , , , , , , , , , , , , , ,
New Caledonia,NCL,fitch, , , , , , , , , , , , , , , , , , , , , , , , , , , , , , , , , , , , , , , , , , , , , , , , , , ,
New Zealand,NZL,sp, , , , , , , , ,2,2,2,2,2,2,2,4,4,4,5,5,5,5,5,6,6,6,5,5,4,4,4,4,4,4,4,4,4,4,4,4,4,4,4,5,5,5,5,5,5,5,
New Zealand,NZL,mdy, , , , , , , , , , , , , , , , , , , , , , , , , , ,3,3,2,2,3,3,3,3,1,1,1,1,1,1,1,1,1,1,1,1,1,1,1,1,
New Zealand,NZL,fitch, , , , , , , , , , , , , , , , , , , , , , , , , , , , , , , , , , ,5,4,4,4,4,4,4,4,4,5,5,5,5,5,5,5,
Nicaragua,NIC,sp, , , , , , , , , , , , , , , , , , , , , , , , , , , , , , , , , , , , , , , , , , , , , , , , ,16,16,
Nicaragua,NIC,mdy, , , , , , , , , , , , , , , , , , , , , , , , , , , , , , , ,16,16,16,16,18,18,18,18,18,18,18,17,17,17,17,17,16,16,16,
Nicaragua,NIC,fitch, , , , , , , , , , , , , , , , , , , , , , , , , , , , , , , , , , , , , , , , , , , , , , , ,16,16,16,
Niger,NER,sp, , , , , , , , , , , , , , , , , , , , , , , , , , , , , , , , , , , , , , , , , , , , , , , , , , ,
Niger,NER,mdy, , , , , , , , , , , , , , , , , , , , , , , , , , , , , , , , , , , , , , , , , , , , , , , , , , ,
Niger,NER,fitch, , , , , , , , , , , , , , , , , , , , , , , , , , , , , , , , , , , , , , , , , , , , , , , , , , ,
Nigeria,NGA,sp, , , , , , , , , , , , , , , , , , , , , , , , , , , , , , , , , , , , , , ,15,15,15,16,16,16,15,15,15,16,17,17,
Nigeria,NGA,mdy, , , , , , , , , , , , , , , , , , , , , , , , , , , , , , , , , , , , , , , , , , , , ,13,13,13,13,15,16,
Nigeria,NGA,fitch, , , , , , , , , , , , , , , , , , , , , , , , , , , , , , , , , , , , , , ,15,15,15,15,15,15,15,15,15,15,16,16,
Northern Mariana Islands,MNP,sp, , , , , , , , , , , , , , , , , , , , , , , , , , , , , , , , , , , , , , , , , , , , , , , , , , ,
Northern Mariana Islands,MNP,mdy, , , , , , , , , , , , , , , , , , , , , , , , , , , , , , , , , , , , , , , , , , , , , , , , , , ,
Northern Mariana Islands,MNP,fitch, , , , , , , , , , , , , , , , , , , , , , , , , , , , , , , , , , , , , , , , , , , , , , , , , , ,
Norway,NOR,sp, , , , , , , ,2,2,2,2,2,2,2,2,2,2,2,2,2,2,2,2,2,2,2,2,2,2,2,2,2,2,2,2,2,2,2,2,2,2,2,2,2,2,2,2,2,2,2,
Norway,NOR,mdy, , , , , , , , , , ,1,1,1,1,1,1,1,1,1,2,2,2,2,2,2,2,2,2,2,1,1,1,1,1,1,1,1,1,1,1,1,1,1,1,1,1,1,1,1,1,
Norway,NOR,fitch, , , , , , , , , , , , , , , , , , , , , , , , , , , ,2,2,2,2,2,2,2,2,2,2,2,2,2,2,2,2,2,2,2,2,2,2,2,
Oman,OMN,sp, , , , , , , , , , , , , , , , , , , , , , , , , , , , ,12,12,12,12,12,11,11,11,10,10,9,8,8,8,8,8,8,8,8,10,12,14,
Oman,OMN,mdy, , , , , , , , , , , , , , , , , , , , , , , , , , , , , , , ,9,9,9,9,9,9,8,7,6,6,6,5,5,5,5,5,5,8,9,
Oman,OMN,fitch, , , , , , , , , , , , , , , , , , , , , , , , , , , , , , , , , , , , , , , , , , , , , , , , , ,12,
Pakistan,PAK,sp, , , , , , , , , , , , , , , , , , , , , , , , , , ,16,16,16,16,23,18,18,18,17,17,16,16,16,16,19,18,18,18,18,18,18,18,17,17,
Pakistan,PAK,mdy, , , , , , , , , , , , , , , , , , , , , , , , , , , , , , , , , ,18,17,16,16,16,15,15,17,17,17,17,18,18,18,17,17,17,
Pakistan,PAK,fitch, , , , , , , , , , , , , , , , , , , , , , , , , , , , , , , , , , , , , , , , , , , , , , , ,17,17,17,
Palau,PLW,sp, , , , , , , , , , , , , , , , , , , , , , , , , , , , , , , , , , , , , , , , , , , , , , , , , , ,
Palau,PLW,mdy, , , , , , , , , , , , , , , , , , , , , , , , , , , , , , , , , , , , , , , , , , , , , , , , , , ,
Palau,PLW,fitch, , , , , , , , , , , , , , , , , , , , , , , , , , , , , , , , , , , , , , , , , , , , , , , , , , ,
Panama,PAN,sp, , , , , , , , , , , , , , , , , , , , , , , , , , , , , ,13,13,13,13,14,14,14,14,14,14,14,13,13,12,12,11,11,11,11,11,11,
Panama,PAN,mdy, , , , , , , , , , , , , , , , , , , , , , , , , , , , , , , , , , , ,11,11,11,11,11,11,11,10,10,9,9,9,9,9,9,
Panama,PAN,fitch, , , , , , , , , , , , , , , , , , , , , , , , , , , , , , ,13,13,13,13,13,13,13,13,13,13,13,13,12,11,11,11,11,11,11,11,
Papua New Guinea,PNG,sp, , , , , , , , , , , , , , , , , , , , , , , , , , , , , , , ,16,16,17,17,17,17,17,17,16,16,16,16,16,16,16,16,16,16,16,
Papua New Guinea,PNG,mdy, , , , , , , , , , , , , , , , , , , , , , , , , , , , , , , ,15,15,15,15,15,15,15,15,15,15,15,15,15,15,15,15,15,16,16,
Papua New Guinea,PNG,fitch, , , , , , , , , , , , , , , , , , , , , , , , , , , , , , ,16,16,16,16,16,17,17,17,17,17,16,16, , , , , , , , ,
Paraguay,PRY,sp, , , , , , , , , , , , , , , , , , , , , , , , , , , ,15,15,15,15,17,17,17,18, ,18,18,18,17,17,17,16,15,15,15,14,14,14,14,
Paraguay,PRY,mdy, , , , , , , , , , , , , , , , , , , , , , , , , , , , , , , ,16,16,16,16,18,18,18,18,18,17,17,15,15,15,13,12,11,11,11,
Paraguay,PRY,fitch, , , , , , , , , , , , , , , , , , , , , , , , , , , , , , , , , , , , , , , , , , , , , ,15,15,14,14,14,
Peru,PER,sp, , , , , , , , , , , , , , , , , , , , , , , , , , , , , ,14,14,14,15,15,15,15,14,14,13,13,12,12,12,11,11,10,10,10,10,10,
Peru,PER,mdy, , , , , , , , , , , , , , , , , , , , , , , , , , , , , , ,10,10,10,10,13,13,13,13,13,12,11,10,10,10,9,9,7,7,7,7,
Peru,PER,fitch, , , , , , , , , , , , , , , , , , , , , , , , , , , , , , , ,14,14,15,15,15,14,14,13,13,12,12,12,11,11,10,10,10,10,10,
Philippines,PHL,sp, , , , , , , , , , , , , , , , , , , , , , , , , ,15,15,14,14,13,13,13,13,13,13,14,14,15,15,15,15,15,14,14,13,12,11,11,11,11,
Philippines,PHL,mdy, , , , , , , , , , , , , , , , , , , , , , , , , ,13,13,12,12,11,11,11,11,11,11,11,12,15,15,15,15,13,13,12,11,10,9,9,9,9,
Philippines,PHL,fitch, , , , , , , , , , , , , , , , , , , , , , , , , , , , , , , ,13,13,13,13,14,14,14,14,14,14,14,14,13,13,12,12,12,12,11,
Poland,POL,sp, , , , , , , , , , , , , , , , , , , , , , , , , , , ,14,12,12,12,11,10,10,10,10,10,10,10,9,9,9,9,9,9,9,9,9,10,10,
Poland,POL,mdy, , , , , , , , , , , , , , , , , , , , , , , , , , , , , , , , , ,6,6,6,6,6,6,6,6,6,6,6,6,6,6,6,6,6,
Poland,POL,fitch, , , , , , , , , , , , , , , , , , , , , , , , , , , ,13,11,11,10,10,10,10,10,10,10,10,10,9,9,9,9,9,9,9,9,9,9,9,
Portugal,PRT,sp, , , , , , , , , , , , , , , , , , , , , , , , ,7,6,6,6,6,6,5,5,5,5,5,5,5,6,6,6,6,7,9,12,14,14,14,13,13,12,
Portugal,PRT,mdy, , , , , , , , , , , , , , , , , , , , , , , , , , , , , , , , , ,3,3,3,3,3,3,3,3,3,5,12,13,13,11,11,11,11,
Portugal,PRT,fitch, , , , , , , , , , , , , , , , , , , , , , , , , , ,6,6,6,6,5,5,5,5,5,5,5,5,5,5,5,5,7,13,13,13,13,13,13,11,
Puerto Rico,PRI,sp, , , , , , , , , , , , , , , , , , , , , , , , , , , , , , , , , , , , , , , , , , , , , , , , , , ,
Puerto Rico,PRI,mdy, , , , , , , , , , , , , , , , , , , , , , , , , , , , , , , , , , , , , , , , , , , , , , , , , , ,
Puerto Rico,PRI,fitch, , , , , , , , , , , , , , , , , , , , , , , , , , , , , , , , , , , , , , , , , , , , , , , , , , ,
Qatar,QAT,sp, , , , , , , , , , , , , , , , , , , , , , , , , , , , ,11,11,11,11,11,10,9,7,7,7,7,6,6,6,5,5,5,5,5,5,5,6,
Qatar,QAT,mdy, , , , , , , , , , , , , , , , , , , , , , , , , , , , , , , , , ,9,7,7,7,5,4,3,3,3,3,3,3,3,3,3,3,4,
Qatar,QAT,fitch, , , , , , , , , , , , , , , , , , , , , , , , , , , , , , , , , , , , , , , , , , , , , , , ,5,5,6,
Romania,ROU,sp, , , , , , , , , , , , , , , , , , , , , , , , , , , , , ,15,18,18,18,17,16,14,13,12,12,12,13,13,13,13,13,13,12,12,12,12,
Romania,ROU,mdy, , , , , , , , , , , , , , , , , , , , , , , , , , , , , , , , , ,16,15,13,13,11,10,10,10,10,10,10,10,10,10,10,10,10,
Romania,ROU,fitch, , , , , , , , , , , , , , , , , , , , , , , , , , , , ,15,15,17,18,17,17,15,14,12,12,11,11,13,13,13,12,12,12,12,12,12,12,
Russian Federation,RUS,sp, , , , , , , , , , , , , , , , , , , , , , , , , , , , ,15,15,21, ,18,16,14,14,13,11,10,10,11,11,11,11,11,11,12,13,13,13,
Russian Federation,RUS,mdy, , , , , , , , , , , , , , , , , , , , , , , , , , , , , , , , , ,13,12,10,10,9,9,9,8,8,8,8,8,8,9,11,11,11,
Russian Federation,RUS,fitch, , , , , , , , , , , , , , , , , , , , , , , , , , , , ,13,13,20,20,17,16,15,13,12,11,10,10,10,11,11,11,11,11,11,12,12,12,
Rwanda,RWA,sp, , , , , , , , , , , , , , , , , , , , , , , , , , , , , , , , , , , , , , , , , , , ,17,17,17,17,16,17,17,
Rwanda,RWA,mdy, , , , , , , , , , , , , , , , , , , , , , , , , , , , , , , , , , , , , , , , , , , , , , , , ,16,16,
Rwanda,RWA,fitch, , , , , , , , , , , , , , , , , , , , , , , , , , , , , , , , , , , , , , ,18,18,18,18,17,17,17,17,16,16,16,16,
Samoa,WSM,sp, , , , , , , , , , , , , , , , , , , , , , , , , , , , , , , , , , , , , , , , , , , , , , , , , , ,
Samoa,WSM,mdy, , , , , , , , , , , , , , , , , , , , , , , , , , , , , , , , , , , , , , , , , , , , , , , , , , ,
Samoa,WSM,fitch, , , , , , , , , , , , , , , , , , , , , , , , , , , , , , , , , , , , , , , , , , , , , , , , , , ,
San Marino,SMR,sp, , , , , , , , , , , , , , , , , , , , , , , , , , , , , , , , , , , , , , , , , , , , , , , , , , ,
San Marino,SMR,mdy, , , , , , , , , , , , , , , , , , , , , , , , , , , , , , , , , , , , , , , , , , , , , , , , , , ,
San Marino,SMR,fitch, , , , , , , , , , , , , , , , , , , , , , , , , , , , , , , , , ,5,5,5,5,5,5,5,5,8,8,8,10,10,10,10,11,12,
São Tomé and Principe,STP,sp, , , , , , , , , , , , , , , , , , , , , , , , , , , , , , , , , , , , , , , , , , , , , , , , , , ,
São Tomé and Principe,STP,mdy, , , , , , , , , , , , , , , , , , , , , , , , , , , , , , , , , , , , , , , , , , , , , , , , , , ,
São Tomé and Principe,STP,fitch, , , , , , , , , , , , , , , , , , , , , , , , , , , , , , , , , , , , , , , , , , , , , , , , , , ,
Saudi Arabia,SAU,sp, , , , , , , , , , , , , , , , , , , , , , , , , , , , , , , , , , , ,8,8,8,7,6,6,6,6,6,6,6,6,7,9,9,
Saudi Arabia,SAU,mdy, , , , , , , , , , , , , , , , , , , , , , , , , , , , , , , ,10,10,10,10,9,9,7,6,5,5,5,4,4,4,4,4,4,5,5,
Saudi Arabia,SAU,fitch, , , , , , , , , , , , , , , , , , , , , , , , , , , , , , , , , , , , ,8,8,7,7,6,6,6,6,6,6,5,5,6,7,
Senegal,SEN,sp, , , , , , , , , , , , , , , , , , , , , , , , , , , , , , , , ,16,16,16,16,16,16,16,16,16,16,16,16,16,16,16,16,16,16,
Senegal,SEN,mdy, , , , , , , , , , , , , , , , , , , , , , , , , , , , , , , , , , , , , , , , , , , ,15,15,15,15,15,15,13,
Senegal,SEN,fitch, , , , , , , , , , , , , , , , , , , , , , , , , , , , , , , , , , , , , , , , , , , , , , , , , , ,
Serbia,SRB,sp, , , , , , , , , , , , , , , , , , , , , , , , , , , , , , , , , , , , ,16,15,15,15,15,15,15,14,15,15,15,15,15,14,
Serbia,SRB,mdy, , , , , , , , , , , , , , , , , , , , , , , , , , , , , , , , , , , , , , , , , , , , , ,15,15,15,15,13,
Serbia,SRB,fitch, , , , , , , , , , , , , , , , , , , , , , , , , , , , , , , , , , , , , ,15,15,15,15,15,15,15,15,15,16,16,15,14,
Seychelles,SYC,sp, , , , , , , , , , , , , , , , , , , , , , , , , , , , , , , , , , , , , , ,17,17, , , , , , , , , , ,
Seychelles,SYC,mdy, , , , , , , , , , , , , , , , , , , , , , , , , , , , , , , , , , , , , , , , , , , , , , , , , , ,
Seychelles,SYC,fitch, , , , , , , , , , , , , , , , , , , , , , , , , , , , , , , , , , , , , , , , , , ,18,17,17,17,16,15,15,15,
Sierra Leone,SLE,sp, , , , , , , , , , , , , , , , , , , , , , , , , , , , , , , , , , , , , , , , , , , , , , , , , , ,
Sierra Leone,SLE,mdy, , , , , , , , , , , , , , , , , , , , , , , , , , , , , , , , , , , , , , , , , , , , , , , , , , ,
Sierra Leone,SLE,fitch, , , , , , , , , , , , , , , , , , , , , , , , , , , , , , , , , , , , , , , , , , , , , , , , , , ,
Singapore,SGP,sp, , , , , , , , , , , , , , , , , , , , , , , , ,4,4,4,2,2,2,2,2,2,2,2,2,2,2,2,2,2,2,2,2,2,2,2,2,2,2,
Singapore,SGP,mdy, , , , , , , , , , , , , , , , , , , , , , , , , , , , , , , ,2,2,2,1,1,1,1,1,1,1,1,1,1,1,1,1,1,1,1,
Singapore,SGP,fitch, , , , , , , , , , , , , , , , , , , , , , , , , , , , , , ,4,4,4,4,4,2,2,2,2,2,2,2,2,2,2,2,2,2,2,2,
Sint Maarten (Dutch part),SXM,sp, , , , , , , , , , , , , , , , , , , , , , , , , , , , , , , , , , , , , , , , , , , , , , , , , , ,
Sint Maarten (Dutch part),SXM,mdy, , , , , , , , , , , , , , , , , , , , , , , , , , , , , , , , , , , , , , , , , , , , , , , , , , ,
Sint Maarten (Dutch part),SXM,fitch, , , , , , , , , , , , , , , , , , , , , , , , , , , , , , , , , , , , , , , , , , , , , , , , , , ,
Slovak Republic,SVK,sp, , , , , , , , , , , , , , , , , , , , , , , , , , ,15,13,12,12,13,13,13,12,11,11,9,8,8,8,7,7,7,7,8,8,8,7,7,7,
Slovak Republic,SVK,mdy, , , , , , , , , , , , , , , , , , , , , , , , , , , , , , , , , , ,7,7,7,6,5,5,5,5,5,5,6,6,6,6,6,6,
Slovak Republic,SVK,fitch, , , , , , , , , , , , , , , , , , , , , , , , , , , , ,12,12,13,13,13,13,12,11,9,8,8,8,7,7,7,7,7,7,7,7,7,7,
Slovenia,SVN,sp, , , , , , , , , , , , , , , , , , , , , , , , , , , , ,8,8,8,8,8,8,8,7,6,6,5,5,5,5,5,6,8,9,9,9,8,7,
Slovenia,SVN,mdy, , , , , , , , , , , , , , , , , , , , , , , , , , , , , , , , , ,4,4,4,4,4,3,3,3,3,3,5,9,11,11,10,10,8,
Slovenia,SVN,fitch, , , , , , , , , , , , , , , , , , , , , , , , , , , , ,9,9,9,8,8,8,8,7,6,6,5,5,5,5,5,6,9,10,10,10,9,9,
Solomon Islands,SLB,sp, , , , , , , , , , , , , , , , , , , , , , , , , , , , , , , , , , , , , , , , , , , , , , , , , , ,
Solomon Islands,SLB,mdy, , , , , , , , , , , , , , , , , , , , , , , , , , , , , , , , , , , , , , , , , , , , , , , , , , ,
Solomon Islands,SLB,fitch, , , , , , , , , , , , , , , , , , , , , , , , , , , , , , , , , , , , , , , , , , , , , , , , , , ,
Somalia,SOM,sp, , , , , , , , , , , , , , , , , , , , , , , , , , , , , , , , , , , , , , , , , , , , , , , , , , ,
Somalia,SOM,mdy, , , , , , , , , , , , , , , , , , , , , , , , , , , , , , , , , , , , , , , , , , , , , , , , , , ,
Somalia,SOM,fitch, , , , , , , , , , , , , , , , , , , , , , , , , , , , , , , , , , , , , , , , , , , , , , , , , , ,
South Africa,ZAF,sp, , , , , , , , , , , , , , , , , , , , , , , , , , ,14,13,13,13,13,13,12,12,12,11,11,10,10,10,10,10,10,10,11,11,12,12,12,14,
South Africa,ZAF,mdy, , , , , , , , , , , , , , , , , , , , , , , , , , , ,10,10,10,10,10,10,9,9,9,9,8,8,8,8,7,7,7,8,8,9,9,9,10,
South Africa,ZAF,fitch, , , , , , , , , , , , , , , , , , , , , , , , , , ,14,14,14,14,14,14,12,12,12,11,11,10,10,10,10,10,10,10,10,11,11,12,12,13,
South Sudan,SSD,sp, , , , , , , , , , , , , , , , , , , , , , , , , , , , , , , , , , , , , , , , , , , , , , , , , , ,
South Sudan,SSD,mdy, , , , , , , , , , , , , , , , , , , , , , , , , , , , , , , , , , , , , , , , , , , , , , , , , , ,
South Sudan,SSD,fitch, , , , , , , , , , , , , , , , , , , , , , , , , , , , , , , , , , , , , , , , , , , , , , , , , , ,
Spain,ESP,sp, , , , , , , , , , , , , , , , , , , , ,5,5,5,5,5,5,5,5,5,5,5,4,4,4,4,4,2,2,2,2,2,4,5,6,12,12,11,10,10,10,
Spain,ESP,mdy, , , , , , , , , , , , , , , , , , , , , , , , , , , ,3,3,3,3,3,3,1,1,1,1,1,1,1,1,1,2,5,10,10,9,9,9,9,
Spain,ESP,fitch, , , , , , , , , , , , , , , , , , , , , , , , , , ,5,5,5,5,5,4,4,4,4,2,2,2,2,2,2,2,4,6,11,11,10,10,10,10,
Sri Lanka,LKA,sp, , , , , , , , , , , , , , , , , , , , , , , , , , , , , , , , , , , , , ,16,16,16,17,17,16,16,16,16,16,16,16,16,
Sri Lanka,LKA,mdy, , , , , , , , , , , , , , , , , , , , , , , , , , , , , , , , , , , , , , , , , , ,15,15,15,15,15,15,15,15,
Sri Lanka,LKA,fitch, , , , , , , , , , , , , , , , , , , , , , , , , , , , , , , , , , , , , ,15,15,15,16,16,16,15,15,15,15,15,16,16,
St. Kitts and Nevis,KNA,sp, , , , , , , , , , , , , , , , , , , , , , , , , , , , , , , , , , , , , , , , , , , , , , , , , , ,
St. Kitts and Nevis,KNA,mdy, , , , , , , , , , , , , , , , , , , , , , , , , , , , , , , , , , , , , , , , , , , , , , , , , , ,
St. Kitts and Nevis,KNA,fitch, , , , , , , , , , , , , , , , , , , , , , , , , , , , , , , , , , , , , , , , , , , , , , , , , , ,
St. Lucia,LCA,sp, , , , , , , , , , , , , , , , , , , , , , , , , , , , , , , , , , , , , , , , , , , , , , , , , , ,
St. Lucia,LCA,mdy, , , , , , , , , , , , , , , , , , , , , , , , , , , , , , , , , , , , , , , , , , , , , , , , , , ,
St. Lucia,LCA,fitch, , , , , , , , , , , , , , , , , , , , , , , , , , , , , , , , , , , , , , , , , , , , , , , , , , ,
St. Martin (French part),MAF,sp, , , , , , , , , , , , , , , , , , , , , , , , , , , , , , , , , , , , , , , , , , , , , , , , , , ,
St. Martin (French part),MAF,mdy, , , , , , , , , , , , , , , , , , , , , , , , , , , , , , , , , , , , , , , , , , , , , , , , , , ,
St. Martin (French part),MAF,fitch, , , , , , , , , , , , , , , , , , , , , , , , , , , , , , , , , , , , , , , , , , , , , , , , , , ,
St. Vincent and the Grenadines,VCT,sp, , , , , , , , , , , , , , , , , , , , , , , , , , , , , , , , , , , , , , , , , , , , , , , , , , ,
St. Vincent and the Grenadines,VCT,mdy, , , , , , , , , , , , , , , , , , , , , , , , , , , , , , , , , , , , , , , , , , , , , , , , , , ,
St. Vincent and the Grenadines,VCT,fitch, , , , , , , , , , , , , , , , , , , , , , , , , , , , , , , , , , , , , , , , , , , , , , , , , , ,
Sudan,SDN,sp, , , , , , , , , , , , , , , , , , , , , , , , , , , , , , , , , , , , , , , , , , , , , , , , , , ,
Sudan,SDN,mdy, , , , , , , , , , , , , , , , , , , , , , , , , , , , , , , , , , , , , , , , , , , , , , , , , , ,
Sudan,SDN,fitch, , , , , , , , , , , , , , , , , , , , , , , , , , , , , , , , , , , , , , , , , , , , , , , , , , ,
Suriname,SUR,sp, , , , , , , , , , , , , , , , , , , , , , , , , , , , , , , ,18,18,18,18,18,18,18,17,16,16,16,16,15,15,15,15,15,16,17,
Suriname,SUR,mdy, , , , , , , , , , , , , , , , , , , , , , , , , , , , , , , , , , , , ,15,15,15,15,15,15,15,15,13,13,13,13,15,15,
Suriname,SUR,fitch, , , , , , , , , , , , , , , , , , , , , , , , , , , , , , , , , , , , , ,17,17,17,17,17,17,16,15,15,15,15,16,18,
Swaziland,SWZ,sp, , , , , , , , , , , , , , , , , , , , , , , , , , , , , , , , , , , , , , , , , , , , , , , , , , ,
Swaziland,SWZ,mdy, , , , , , , , , , , , , , , , , , , , , , , , , , , , , , , , , , , , , , , , , , , , , , , , , , ,
Swaziland,SWZ,fitch, , , , , , , , , , , , , , , , , , , , , , , , , , , , , , , , , , , , , , , , , , , , , , , , , , ,
Sweden,SWE,sp, , , , , , , , , ,2,2,2,2,2,2,2,2,2,2,2,2,2,2,2,2,4,4,4,4,4,4,4,4,4,4,4,2,2,2,2,2,2,2,2,2,2,2,2,2,2,
Sweden,SWE,mdy, , , , , , , , , , , , , , , , , , , , , , , , , , , , , , , , , ,2,1,1,1,1,1,1,1,1,1,1,1,1,1,1,1,1,
Sweden,SWE,fitch, , , , , , , , , , , , , , , , , , , , , , , , , , ,6,6,6,6,6,5,5,5,4,4,2,2,2,2,2,2,2,2,2,2,2,2,2,2,
Switzerland,CHE,sp, , , , , , , , , , , , , , , , , , , , , , , , ,2,2,2,2,2,2,2,2,2,2,2,2,2,2,2,2,2,2,2,2,2,2,2,2,2,2,
Switzerland,CHE,mdy, , , , , , , , , , , , , , ,1,1,1,1,1,1,1,1,1,1,1,1,1,1,1,1,1,1,1,1,1,1,1,1,1,1,1,1,1,1,1,1,1,1,1,1,
Switzerland,CHE,fitch, , , , , , , , , , , , , , , , , , , , , , , , , , , , , , , , , , , , , ,2,2,2,2,2,2,2,2,2,2,2,2,2,
Syrian Arab Republic,SYR,sp, , , , , , , , , , , , , , , , , , , , , , , , , , , , , , , , , , , , , , , , , , , , , , , , , , ,
Syrian Arab Republic,SYR,mdy, , , , , , , , , , , , , , , , , , , , , , , , , , , , , , , , , , , , , , , , , , , , , , , , , , ,
Syrian Arab Republic,SYR,fitch, , , , , , , , , , , , , , , , , , , , , , , , , , , , , , , , , , , , , , , , , , , , , , , , , , ,
"Taiwan, China",TWN,sp, , , , , , , , , , , , , , , , , , , , , , , , ,4,4,4,4,4,4,4,4,4,5,6,6,6,6,6,6,6,6,6,6,6,6,6,6,6,6,
"Taiwan, China",TWN,mdy, , , , , , , , , , , , , , , , , , , , , , , , , , , , , , , ,4,4,4,4,4,4,4,4,4,4,4,4,4,4,4,4,4,4,4,
"Taiwan, China",TWN,fitch, , , , , , , , , , , , , , , , , , , , , , , , , , , , , , , , , ,7,7,7,7,7,7,7,7,7,7,7,7,7,7,7,6,6,
Tajikistan,TJK,sp, , , , , , , , , , , , , , , , , , , , , , , , , , , , , , , , , , , , , , , , , , , , , , , , , ,18,
Tajikistan,TJK,mdy, , , , , , , , , , , , , , , , , , , , , , , , , , , , , , , , , , , , , , , , , , , , , , , , , ,17,
Tajikistan,TJK,fitch, , , , , , , , , , , , , , , , , , , , , , , , , , , , , , , , , , , , , , , , , , , , , , , , , , ,
Tanzania,TZA,sp, , , , , , , , , , , , , , , , , , , , , , , , , , , , , , , , , , , , , , , , , , , , , , , , , , ,
Tanzania,TZA,mdy, , , , , , , , , , , , , , , , , , , , , , , , , , , , , , , , , , , , , , , , , , , , , , , , , , ,
Tanzania,TZA,fitch, , , , , , , , , , , , , , , , , , , , , , , , , , , , , , , , , , , , , , , , , , , , , , , , , , ,
Thailand,THA,sp, , , , , , , , , , , , , , , , , , , , , ,9,9,9,9,9,8,8,8,11,12,12,12,12,12,11,10,10,10,10,10,10,10,10,10,10,10,10,10,10,
Thailand,THA,mdy, , , , , , , , , , , , , , , , , , , , , , , , , , , , , , , , ,10,10,10,8,8,8,8,8,8,8,8,8,8,8,8,8,8,8,
Thailand,THA,fitch, , , , , , , , , , , , , , , , , , , , , , , , , , , , , , ,13,12,12,12,12,11,11,10,10,10,10,11,11,11,11,10,10,10,10,10,
Timor-Leste,TLS,sp, , , , , , , , , , , , , , , , , , , , , , , , , , , , , , , , , , , , , , , , , , , , , , , , , , ,
Timor-Leste,TLS,mdy, , , , , , , , , , , , , , , , , , , , , , , , , , , , , , , , , , , , , , , , , , , , , , , , , , ,
Timor-Leste,TLS,fitch, , , , , , , , , , , , , , , , , , , , , , , , , , , , , , , , , , , , , , , , , , , , , , , , , , ,
Togo,TGO,sp, , , , , , , , , , , , , , , , , , , , , , , , , , , , , , , , , , , , , , , , , , , , , , , , , , ,
Togo,TGO,mdy, , , , , , , , , , , , , , , , , , , , , , , , , , , , , , , , , , , , , , , , , , , , , , , , , , ,
Togo,TGO,fitch, , , , , , , , , , , , , , , , , , , , , , , , , , , , , , , , , , , , , , , , , , , , , , , , , , ,
Tonga,TON,sp, , , , , , , , , , , , , , , , , , , , , , , , , , , , , , , , , , , , , , , , , , , , , , , , , , ,
Tonga,TON,mdy, , , , , , , , , , , , , , , , , , , , , , , , , , , , , , , , , , , , , , , , , , , , , , , , , , ,
Tonga,TON,fitch, , , , , , , , , , , , , , , , , , , , , , , , , , , , , , , , , , , , , , , , , , , , , , , , , , ,
Trinidad and Tobago,TTO,sp, , , , , , , , , , , , , , , , , , , , , , , , , , , , ,13,13,13,12,12,12,12,11,10,9,9,9,8,8,8,8,8,8,8,8,9,10,
Trinidad and Tobago,TTO,mdy, , , , , , , , , , , , , , , , , , , , , , , , , , , , , , , , , ,10,10,10,10,9,8,8,8,8,8,8,8,8,8,9,10,11,
Trinidad and Tobago,TTO,fitch, , , , , , , , , , , , , , , , , , , , , , , , , , , , , , , , , , , , , , , , , , , , , , , , , , ,
Tunisia,TUN,sp, , , , , , , , , , , , , , , , , , , , , , , , , , , , , ,12,12,12,11,11,11,11,11,11,11,11,11,11,11,12,14, , , , , ,
Tunisia,TUN,mdy, , , , , , , , , , , , , , , , , , , , , , , , , , , , , , , , , , , ,9,9,9,9,9,9,9,9,10,10,13,13,13,13,15,
Tunisia,TUN,fitch, , , , , , , , , , , , , , , , , , , , , , , , , , , ,12,12,12,12,12,12,11,11,11,11,11,11,11,11,11,11,12,13,15,15,15,15,16,
Turkey,TUR,sp, , , , , , , , , , , , , , , , , , , , , , , , , , ,16,16,17,17,17,17,16,18,18,16,15,15,15,15,15,15,14,14,14,13,13,13,14,14,
Turkey,TUR,mdy, , , , , , , , , , , , , , , , , , , , , , , , , , , ,13,13,15,15,15,15,15,15,15,15,13,13,13,13,13,12,12,11,10,10,10,11,11,
Turkey,TUR,fitch, , , , , , , , , , , , , , , , , , , , , , , , , , ,17,15,16,16,16,16,15,17,17,17,16,15,15,15,15,13,13,13,12,12,12,12,12,13,
Turkmenistan,TKM,sp, , , , , , , , , , , , , , , , , , , , , , , , , , , , , , , , , , , , , , , , , , , , , , , , , , ,
Turkmenistan,TKM,mdy, , , , , , , , , , , , , , , , , , , , , , , , , , , , , , , ,16,16,16,16,16,16,16,16,16,16,16, , , , , , , , ,
Turkmenistan,TKM,fitch, , , , , , , , , , , , , , , , , , , , , , , , , , , , , , , , , , , , , , , , , , , , , , , , , , ,
Turks and Caicos Islands,TCA,sp, , , , , , , , , , , , , , , , , , , , , , , , , , , , , , , , , , , , , , , , , , , , , , , , , , ,
Turks and Caicos Islands,TCA,mdy, , , , , , , , , , , , , , , , , , , , , , , , , , , , , , , , , , , , , , , , , , , , , , , , , , ,
Turks and Caicos Islands,TCA,fitch, , , , , , , , , , , , , , , , , , , , , , , , , , , , , , , , , , , , , , , , , , , , , , , , , , ,
Tuvalu,TUV,sp, , , , , , , , , , , , , , , , , , , , , , , , , , , , , , , , , , , , , , , , , , , , , , , , , , ,
Tuvalu,TUV,mdy, , , , , , , , , , , , , , , , , , , , , , , , , , , , , , , , , , , , , , , , , , , , , , , , , , ,
Tuvalu,TUV,fitch, , , , , , , , , , , , , , , , , , , , , , , , , , , , , , , , , , , , , , , , , , , , , , , , , , ,
Uganda,UGA,sp, , , , , , , , , , , , , , , , , , , , , , , , , , , , , , , , , , , , , , , , ,16,16,16,16,16,16,17,17,17,17,
Uganda,UGA,mdy, , , , , , , , , , , , , , , , , , , , , , , , , , , , , , , , , , , , , , , , , , , , , ,15,15,15,16,16,
Uganda,UGA,fitch, , , , , , , , , , , , , , , , , , , , , , , , , , , , , , , , , , , , , ,17,17,17,17,17,17,17,17,17,17,16,16,16,
Ukraine,UKR,sp, , , , , , , , , , , , , , , , , , , , , , , , , , , , , , , , , ,17,17,17,16,15,15,15,17,19,16,16,17,18,21,18,18,18,
Ukraine,UKR,mdy, , , , , , , , , , , , , , , , , , , , , , , , , , , , , , , , , , ,16,15,15,15,15,15,15,16,16,16,17,18,20,20,20,19,
Ukraine,UKR,fitch, , , , , , , , , , , , , , , , , , , , , , , , , , , , , , , , , ,18,17,16,16,15,15,15,16,18,17,17,17,18,20,20,18,18,
United Arab Emirates,ARE,sp, , , , , , , , , , , , , , , , , , , , , , , , , , , , , , , , , , , , , , , , , , , , , , , , , , ,
United Arab Emirates,ARE,mdy, , , , , , , , , , , , , , , , , , , , , , , , , , , , , , , , ,6,6,6,6,5,5,4,3,3,3,3,3,3,3,3,3,3,3,
United Arab Emirates,ARE,fitch, , , , , , , , , , , , , , , , , , , , , , , , , , , , , , , , , , , , , , , , , , , , , , , , , , ,
United Kingdom,GBR,sp, , , , , , , , , , ,2,2,2,2,2,2,2,2,2,2,2,2,2,2,2,2,2,2,2,2,2,2,2,2,2,2,2,2,2,2,2,2,2,2,2,2,2,2,5,5,
United Kingdom,GBR,mdy, , , , , , , , , , , , , , , , , , , , , , , , , , , , , , , , , ,1,1,1,1,1,1,1,1,1,1,1,1,2,2,2,2,3,
United Kingdom,GBR,fitch, , , , , , , , , , , , , , , , , , , , , , , , , , , ,2,2,2,2,2,2,2,2,2,2,2,2,2,2,2,2,2,2,4,4,4,5,5,
United States,USA,sp, , , , , , , , , , , , , , , , , , , , , , , ,2,2,2,2,2,2,2,2,2,2,2,2,2,2,2,2,2,2,2,2,4,4,4,4,4,4,4,
United States,USA,mdy,1,1,1,1,1,1,1,1,1,1,1,1,1,1,1,1,1,1,1,1,1,1,1,1,1,1,1,1,1,1,1,1,1,1,1,1,1,1,1,1,1,1,1,1,1,1,1,1,1,1,
United States,USA,fitch, , , , , , , , , , , , , , , , , , , , , , , , , , ,2,2,2,2,2,2,2,2,2,2,2,2,2,2,2,2,2,2,2,2,2,2,2,2,
Uruguay,URY,sp, , , , , , , , , , , , , , , , , , , , , , , , , , ,13,13,13,12,12,12,12,12,18,18,17,17,16,15,14,14,13,12,12,12,12,11,11,11,
Uruguay,URY,mdy, , , , , , , , , , , , , , , , , , , , , , , , , , , , , , , , , ,10,17,17,17,17,15,15,15,13,11,11,10,10,9,9,9,9,
Uruguay,URY,fitch, , , , , , , , , , , , , , , , , , , , , , , , , , , ,13,13,13,13,12,12,12,17,18,17,16,16,15,15,15,14,13,13,12,12,12,12,12,
Uzbekistan,UZB,sp, , , , , , , , , , , , , , , , , , , , , , , , , , , , , , , , , , , , , , , , , , , , , , , , , , ,
Uzbekistan,UZB,mdy, , , , , , , , , , , , , , , , , , , , , , , , , , , , , , , , , , , , , , , , , , , , , , , , , , ,
Uzbekistan,UZB,fitch, , , , , , , , , , , , , , , , , , , , , , , , , , , , , , , , , , , , , , , , , , , , , , , , , , ,
Vanuatu,VUT,sp, , , , , , , , , , , , , , , , , , , , , , , , , , , , , , , , , , , , , , , , , , , , , , , , , , ,
Vanuatu,VUT,mdy, , , , , , , , , , , , , , , , , , , , , , , , , , , , , , , , , , , , , , , , , , , , , , , , , , ,
Vanuatu,VUT,fitch, , , , , , , , , , , , , , , , , , , , , , , , , , , , , , , , , , , , , , , , , , , , , , , , , , ,
"Venezuela, RB",VEN,sp, , , , , , , , , ,2,2,2,2,2,5,14,14,14,14,14,14,16,16,14,14,14,16,16,17,16,16,17,17,17,19,18,17,16,15,15,15,15,15,16,16,18,19,20,20, ,
"Venezuela, RB",VEN,mdy, , , , , , , , , , , , , , , , , , , , , , , , , , , , , , , , , ,16,17,18,16,16,16,16,16,16,16,16,16,18,18,20,20,20,
"Venezuela, RB",VEN,fitch, , , , , , , , , , , , , , , , , , , , , , , , , , , , , , , , , , , , , ,15,15,15,16,16,16,16,16,16,20,20,20, ,
Vietnam,VNM,sp, , , , , , , , , , , , , , , , , , , , , , , , , , , , , , , , , , ,15,15,15,15,14,14,14,14,15,15,15,15,15,15,15,15,
Vietnam,VNM,mdy, , , , , , , , , , , , , , , , , , , , , , , , , , , , , , , ,15,15,15,15,15,15,13,13,13,13,13,15,15,16,16,15,15,15,15,
Vietnam,VNM,fitch, , , , , , , , , , , , , , , , , , , , , , , , , , , , , , , , , , ,15,15,15,15,15,15,15,15,16,16,16,16,15,15,15,15,
Virgin Islands (U.S.),VIR,sp, , , , , , , , , , , , , , , , , , , , , , , , , , , , , , , , , , , , , , , , , , , , , , , , , , ,
Virgin Islands (U.S.),VIR,mdy, , , , , , , , , , , , , , , , , , , , , , , , , , , , , , , , , , , , , , , , , , , , , , , , , , ,
Virgin Islands (U.S.),VIR,fitch, , , , , , , , , , , , , , , , , , , , , , , , , , , , , , , , , , , , , , , , , , , , , , , , , , ,
West Bank and Gaza,PSE,sp, , , , , , , , , , , , , , , , , , , , , , , , , , , , , , , , , , , , , , , , , , , , , , , , , , ,
West Bank and Gaza,PSE,mdy, , , , , , , , , , , , , , , , , , , , , , , , , , , , , , , , , , , , , , , , , , , , , , , , , , ,
West Bank and Gaza,PSE,fitch, , , , , , , , , , , , , , , , , , , , , , , , , , , , , , , , , , , , , , , , , , , , , , , , , , ,
"Yemen, Rep.",YEM,sp, , , , , , , , , , , , , , , , , , , , , , , , , , , , , , , , , , , , , , , , , , , , , , , , , , ,
"Yemen, Rep.",YEM,mdy, , , , , , , , , , , , , , , , , , , , , , , , , , , , , , , , , , , , , , , , , , , , , , , , , , ,
"Yemen, Rep.",YEM,fitch, , , , , , , , , , , , , , , , , , , , , , , , , , , , , , , , , , , , , , , , , , , , , , , , , , ,
Zambia,ZMB,sp, , , , , , , , , , , , , , , , , , , , , , , , , , , , , , , , , , , , , , , , , , , ,16,16,16,16,17,17,17,
Zambia,ZMB,mdy, , , , , , , , , , , , , , , , , , , , , , , , , , , , , , , , , , , , , , , , , , , , ,15,15,15,16,17,17,
Zambia,ZMB,fitch, , , , , , , , , , , , , , , , , , , , , , , , , , , , , , , , , , , , , , , , , , , ,16,16,17,17,17,17,17,
Zimbabwe,ZWE,sp, , , , , , , , , , , , , , , , , , , , , , , , , , , , , , , , , , , , , , , , , , , , , , , , , , ,
Zimbabwe,ZWE,mdy, , , , , , , , , , , , , , , , , , , , , , , , , , , , , , , , , , , , , , , , , , , , , , , , , , ,
Zimbabwe,ZWE,fitch, , , , , , , , , , , , , , , , , , , , , , , , , , , , , , , , , , , , , , , , , , , , , , , , , , ,